id,name_en,name_zh,title_en,title_zh,organisation_en,organisation_zh,unit_en,unit_zh,category,expertise_en,expertise_zh,years,interaction_types,dates,engagements,city_en,city_zh,country,lat,lng,website,summary_en,summary_zh,impact_en,impact_zh,wiki_sources,confidence
dr-li-water-garden-forum,Dr. Li,,Forum speaker (natural farming),論壇講者（自然農法）,,,,,community,Natural farming; locally adapted seed; low-input agriculture,自然農法；在地適應種子；低投入農業,2026,conference; feedback,2026-09-05,1,Taipei,臺北市,TW,25.0109,121.53,,"[2026] Invited speaker at the team's 5 September forum. He argued that excessive technological intervention treats symptoms rather than causes, likening it to over-prescribing painkillers, and used the example of Zambia to show how external support and high-yield seed can reduce farmers' independence. He encouraged the team to create an environment in which plants develop their own resilience rather than intervening directly.",[2026] 9 月 5 日團隊論壇的受邀講者。他認為過度的科技介入只治標不治本，並以醫師動輒開止痛藥為比喻；也以尚比亞為例，說明外來援助與高產種子可能削弱農民的自主性。他鼓勵團隊營造讓植物自行發展韌性的環境，而不是直接介入。,"[2026] Reinforced, with Ms. Chen, Prof. Huang and the other speakers, the design commitment that ReLeaf acts only on forecast stress, periodically, and at a validated dose.",[2026] 與陳惠雯老師、黃院長及其他講者的意見一起，強化了 ReLeaf「只在預測到逆境時、週期性、以驗證劑量作用」的設計承諾。,https://timmy97-tw.github.io/releaf-wiki/human-practices/,medium
lin-weiyi,Dr. Lin,林維怡 博士,,,,,,,academia,Plant and stress biology; PGPR; biosecurity,植物與逆境生物學；植物生長促進根圈細菌（PGPR）；生物安全,2026,interview,2026-03-19,1,,,TW,,,,"[2026] The team's first expert interview, held online while the plant model and stress method were still open. The team asked about Medicago truncatula, PGPR, planting, plant stress and biosecurity. She suggested measuring what PGPR does to germination speed and early growth against untreated seedlings, simulating salinity by watering only every few days, and simulating drought with particles that block water uptake.",[2026] 團隊第一場專家訪談，於線上進行，當時植物模型與逆境方法都還沒定案。團隊請教了蒺藜苜蓿（Medicago truncatula）、PGPR、栽培、植物逆境與生物安全等問題。她建議比較有無 PGPR 處理的發芽速度與早期生長，以每隔幾天才澆水來模擬鹽害，並用阻擋植物吸水的顆粒來模擬乾旱。,"[2026] Put both the Medicago target plant and the genetic kill switch in doubt; the team began considering a different plant, hydroponics and seedling-stage testing, and later moved biosafety onto physical containment.",[2026] 讓團隊開始質疑以苜蓿為目標植物及基因自殺開關的設計；之後轉向考慮更換植物、水耕與幼苗期測試，並把生物安全改由物理圍堵承擔。,https://timmy97-tw.github.io/releaf-wiki/human-practices/,medium
chang-honghao,Prof. Chang,張弘浩 教授,,,,,,,academia,Deployment and human practices (per the IHP pipeline tag),部署與人類實踐（依 IHP 分類）,2026,consultation,2026-08-31,1,,,TW,,,,[2026] A meeting on 31 August listed in the IHP pipelines under Deployment & Human Practices. The wiki states that the notes from this meeting are still being written up.,[2026] 8 月 31 日的一場會議，列於 IHP 的「部署與人類實踐」分類。wiki 註明此次會議紀錄仍在整理中。,,,https://timmy97-tw.github.io/releaf-wiki/human-practices/,low
2nd-international-symposium-on-living-systems-desi,2nd International Symposium on Living Systems Design Research,第二屆國際生命系統設計研究研討會（國立中興大學）,,,2nd International Symposium on Living Systems Design Research,第二屆國際生命系統設計研究研討會（國立中興大學）,Co-hosted by NCHU and the Japanese Society for Living Systems Design Research,,academia,Host-microbe-molecule communication; living systems design,宿主、微生物與分子間的溝通；生命系統設計,2026,conference; feedback,2026-09-11,1,Taichung,臺中市,TW,24.1227,120.6755,https://www.nchu.edu.tw,"[2026] At Dean Huang's invitation, the team presented a poster on 11 September at the symposium held at NCHU from 10 to 13 September. Professors said the team needs a deeper understanding of its experimental data and the ACC deaminase mechanism, told them to put the finding in every slide title (e.g. '0.5 mM ACCD increases growth by 5 mm at 12 mM NaCl stress for 1 week') and to open with the farmers' problem.",[2026] 應黃介辰院長邀請，團隊於 9 月 11 日在中興大學舉辦的研討會（9 月 10 日至 13 日）發表海報。教授們指出團隊需要更深入理解實驗數據與 ACC 去胺酶機制，建議每張投影片標題直接寫出發現（例如「0.5 mM ACCD 在 12 mM NaCl 逆境一週下使生長增加 5 mm」），並以農民的問題作為開場。,"[2026] Slide titles now state findings, graphs are shown only when the presenter can explain all of them, a step-by-step ACCD mechanism explanation was prepared, and the narrative became more problem-driven and farmer-first.",[2026] 投影片標題改為陳述發現；只有講者能完整解釋的圖表才上投影片；準備 ACCD 機制的逐步說明；敘事改為以問題與農民需求為先。,https://timmy97-tw.github.io/releaf-wiki/human-practices/,high
paul-verslues,Dr. Paul Verslues,中央研究院,Research Fellow,研究員,Academia Sinica,中央研究院,Institute of Plant and Microbial Biology,植物暨微生物學研究所,research,Plant drought stress; proline metabolism; stress physiology,植物乾旱逆境；脯胺酸代謝；逆境生理,2026,consultation; lab-visit,2026-04-03,1,Taipei,臺北市,TW,25.0433,121.6147,https://ipmb.sinica.edu.tw,"[2026] The team visited his lab at Academia Sinica (the interview log dates it 3 April, the plant page 4 April) to discuss drought mechanisms and the proline delivery idea, and saw his growth chamber full of vertical plates. He advised optimising proline dose, checking that bacterial products leave the plant's proline-redox cycle alone, testing stress priming, measuring root growth and biomass, and prioritising early stress detection over recovery.",[2026] 團隊前往中研院拜訪他的實驗室（訪談紀錄記為 4 月 3 日，植物頁記為 4 月 4 日），討論乾旱機制與脯胺酸遞送構想，並參觀了擺滿垂直培養盤的生長箱。他建議優化脯胺酸劑量、確認細菌產物不干擾植物本身的脯胺酸氧化還原循環、嘗試逆境預處理（priming）、量測根長與生物量，並以及早偵測逆境優先於事後恢復。,"[2026] The protectant concept shifted from supplying compounds toward working with the plant's own drought response. The team's vertical plate rack and humidity box were copied from what they saw there, and the gradual soil salinity ramp run in August was his proposal (later judged too mild by Prof. Cheng).",[2026] 保護劑構想由「直接提供化合物」轉向「調節植物自身的乾旱反應」。團隊的垂直培養架與保濕箱仿自當天所見，8 月的土壤漸進加鹽方案也是他的建議（後來鄭教授認為太溫和）。,https://timmy97-tw.github.io/releaf-wiki/human-practices/,high
affiliated-experimental-elementary-school-of-unive-education,Affiliated Experimental Elementary School of University of Taipei,臺北市立大學附設實驗國民小學,,,Affiliated Experimental Elementary School of University of Taipei,臺北市立大學附設實驗國民小學,,,education,Elementary students (grades 4 to 6),國小學生（四至六年級）,2026,education; survey; workshop,2026-06-29,1,Taipei,臺北市,TW,25.0357,121.5126,https://www.estmue.tp.edu.tw,"[2026] Trial 2 of the 'Little Plant Guardians' workshop, with 28 students in the pre-survey and 22 in the post-survey. Students found the English content hard ('too much vocab'), and a teacher asked the team to explain how the self-watering planter relates to the lesson topic.",[2026] 「小小植物守護者」工作坊第 2 次試教，前測 28 人、後測 22 人。學生反映英文內容太難（「單字太多」），老師則請團隊說明自動澆水盆栽與課程主題的關聯。,"[2026] The team spent more time explaining vocabulary, broke complex words into simpler concepts, and explained the planter's link to automated protectant release before the activity.",[2026] 團隊增加單字講解時間、把複雜詞彙拆成較簡單的概念，並在活動前先說明盆栽與自動釋放保護劑的關聯。,https://timmy97-tw.github.io/releaf-wiki/education/,high
bio-asia-taiwan-exhibition-2026,"BIO Asia-Taiwan Exhibition 2026 (exhibitors, experts and researchers)",2026 亞洲生技大展,,,"BIO Asia-Taiwan Exhibition 2026 (exhibitors, experts and researchers)",2026 亞洲生技大展,,,industry,Biotechnology industry; bioprocess equipment; commercial bioreactors,生技產業；生物製程設備；商用生物反應器,2026,conference; consultation,2026-07-18,1,Taipei,臺北市,TW,25.0566,121.6175,https://www.bioasiataiwan.com,"[2026] The team visited the exhibition and talked to companies, experts and researchers at several booths, including hollow-fibre setups and a commercial reactor with oxygen control. Booths repeatedly told them that B. subtilis survival and protein output depend on dissolved-oxygen monitoring and active aeration or stirring, not passive containment alone, and that stress tolerance depends on how protective molecules are regulated, not only their presence.",[2026] 團隊參觀亞洲生技大展，在多個攤位與廠商、專家與研究人員交流，包括中空纖維裝置與具氧氣控制的商用反應器。多個攤位都指出，枯草桿菌的存活與蛋白產量取決於溶氧監測與主動曝氣／攪拌，而非單靠被動圍堵；植物耐逆性也取決於保護分子如何被調控，而不只是有沒有。,"[2026] An oxygen sensor and feedback loop moved up the hardware list (pH and DO sensors tested 5 August), some validation was to move to soil with larger samples, GMO rules in Taiwan, the Philippines, Malaysia and the EU went onto the research list, and agricultural-waste media such as hay infusion entered the business plan.",[2026] 氧氣感測器與回饋控制在硬體清單中優先排序（8 月 5 日測試 pH 與溶氧感測器）；部分驗證改到土壤並擴大樣本；臺灣、菲律賓、馬來西亞與歐盟的基改法規列入研究；乾草浸液等農業廢棄物培養基納入商業計畫。,https://timmy97-tw.github.io/releaf-wiki/human-practices/,high
daniel-viragh,Daniel Viragh,,Creative Director,創意總監,Berkeley Historical GIS Project,,,,research,Historical GIS; mapping methods,歷史地理資訊系統；製圖方法,2026,consultation,2026-07-07,1,"Berkeley, CA",加州柏克萊,US,37.8716,-122.2727,,"[2026] The team's GIS group presented the project to Daniel Viragh, creative director of the Berkeley Historical GIS Project, and came away with a method for mapping Taiwan's farmland.",[2026] 團隊的 GIS 小組向柏克萊歷史 GIS 計畫（Berkeley Historical GIS Project）創意總監 Daniel Viragh 簡報專案，並學到繪製臺灣農地地圖的方法。,[2026] Provided the method used to map Taiwan's farmland in the geospatial analysis.,[2026] 提供地理空間分析中繪製臺灣農地的方法。,https://timmy97-tw.github.io/releaf-wiki/milestone/,medium
ch-biotech,CH Biotech (Cheng Han Biotechnology),正瀚生技股份有限公司,,,CH Biotech (Cheng Han Biotechnology),正瀚生技股份有限公司,,,industry,Plant biostimulants and bioprotectants; product registration and regulation,植物生物刺激素與生物保護劑；產品登記與法規,2026,conference; consultation; site-visit,2026-07-09; 2026-09-05,1,Nantou County,南投縣,TW,23.957,120.687,https://www.chbio.com,"[2026] On 9 July the team (with Prof. Chen) visited CH Biotech: researchers walked them past their published work and product line, and researcher Yuan Chiu-Ying (袁秋英) gave a regulatory briefing comparing fertilizer and pesticide pathways and permit requirements in Taiwan and abroad. They advised that different crops and protectants need different application methods, that cost per area decides usability, and that efficacy under heat or drought must be shown with several phenotypic measurements, and they gave the team their peptide product 富肽2號. On 5 September a CH Biotech expert spoke at the team's forum on using agricultural waste (e.g. feathers) to make signal-peptide biostimulants and on balancing growth and defence.",[2026] 7 月 9 日團隊與陳文亮教授一同參訪正瀚生技：研究人員帶領參觀其發表成果與產品線，研究員袁秋英並進行法規簡報，比較臺灣與各國肥料與農藥兩條路徑及許可證所需文件。他們建議不同作物與保護劑需要不同施用方式、單位面積成本決定可行性，並須以多項表型與生理指標證明在高溫或乾旱下的效果，也提供了胜肽產品「富肽2號」。9 月 5 日一位正瀚專家在團隊論壇分享以羽毛等農業廢棄物製作訊號胜肽生物刺激素，並強調生長與防禦之間的平衡。,"[2026] 富肽2號 became experiment set 7 (1:500, three treatment timings) and the positive control; the team compared root irrigation, foliar and drone spraying and cost per area, added computational screening and truncated peptides, and grounded its Laws and Regulations analysis in the CH Biotech briefing. The Wu summary notes the team's current regulatory positioning came from this conversation.",[2026] 「富肽2號」成為第 7 組實驗（1:500、三種處理時機）與陽性對照；團隊比較根部灌注、葉面噴灑與無人機噴灑及單位面積成本，加入計算篩選與截短胜肽，並以正瀚的簡報作為法規頁分析的基礎。給吳主任的摘要也提到，團隊目前的法規定位來自這次談話。,https://timmy97-tw.github.io/releaf-wiki/human-practices/,high
dingxi-elementary-school-education,Dingxi Elementary School,頂溪國民小學,,,Dingxi Elementary School,頂溪國民小學,,,education,Elementary students (grades 4 to 6),國小學生（四至六年級）,2026,education; survey; workshop,2026-06-25; 2026-06-26; 2026-07-14,1,New Taipei City,新北市,TW,25.012,121.515,https://www.thps.ntpc.edu.tw,"[2026] Trials 1 and 3 of the 'Little Plant Guardians' workshop: 43 students on 25 and 26 June and 12 students on 14 July, with the leaf-disk experiment, chlorophyll extraction, DNA card game and self-watering planter, plus KAP pre- and post-surveys. (The plant page also mentions a session there on 2 July.)",[2026] 「小小植物守護者」工作坊第 1 與第 3 次試教：6 月 25、26 日共 43 名學生，7 月 14 日 12 名學生；內容包括葉圓片實驗、葉綠素萃取、DNA 卡牌遊戲與自動澆水盆栽，並進行 KAP 前後測。（植物頁另提到 7 月 2 日也在該校上課。）,"[2026] Student and teacher feedback led to more time per activity, louder audio and voices, a 1:5 mentor-to-student ratio for hands-on work, clearer rules at the start, more explanation of experiment results, and more English teaching.",[2026] 依學生與老師回饋，增加活動時間、提高音量、實作時採 1:5 的師生比、課前先建立規則、加強實驗結果說明，並增加英語教學。,https://timmy97-tw.github.io/releaf-wiki/education/,medium
farmers-at-the-taipei-water-garden-organic-farmers-community,Farmers at the Taipei Water Garden Organic Farmers' Market and public forum,臺北水花園有機農夫市集農友（論壇參與者）,,,Farmers at the Taipei Water Garden Organic Farmers' Market and public forum,臺北水花園有機農夫市集農友（論壇參與者）,,,community,"Organic and small-scale farming across Nantou, Hualien, Hsinchu, Yilan and other regions (cocoa, rice, coffee, mixed grains)",南投、花蓮、新竹、宜蘭等地的有機與小規模農友（可可、稻米、咖啡、雜糧）,2026,conference; feedback; interview; survey,2026-09-05,1,Taipei,臺北市,TW,25.0109,121.53,https://greenmedia.today/article_detail.php?cid=9&mid=66,"[2026] At the team's forum and booth day, farmers from several regions shared their experience and questioned the speakers and the team; two questions were aimed at the team: whether using the bioreactor affects organic certification, and how many bioreactors one farm would need. Team members also interviewed stallholders for the GIS work, learning that organic certification and reducing labour are the main considerations for moving to sustainable, commercial practice and that most apply organic fertilizer on a fixed annual schedule. Forum KAP surveys were given to speakers, farmers and the public.",[2026] 在團隊的論壇與攤位活動中，來自各地的農友分享經驗，並向講者與團隊提問；其中兩個問題針對團隊：使用生物反應器是否影響有機驗證，以及一塊田需要幾台反應器。團隊也為 GIS 分析訪談攤商，得知有機驗證與減少勞力是農友轉向永續、商業化經營的主要考量，且多數依固定年度排程施用有機肥。論壇後對講者、農友與民眾分別發放 KAP 問卷。,[2026] The two farmer questions were taken into the Laws and Regulations and Entrepreneurship work and remain open items; the interview data fed the GIS/geospatial analysis.,[2026] 農友的兩個問題分別納入法規與創業頁的工作，目前仍列為待解事項；訪談資料用於 GIS 地理空間分析。,https://timmy97-tw.github.io/releaf-wiki/human-practices/,high
green-media,Green Media,綠媒體,,,Green Media,綠媒體,,,media,Agricultural and green-living media; co-runs the Water Garden Organic Farmers' Market,農業與綠色生活媒體；共同經營水花園有機農夫市集,2026,conference; consultation; partnership,2026-07-07; 2026-09-05,1,Taipei,臺北市,TW,25.0109,121.53,https://greenmedia.today,"[2026] In an early-July meeting Green Media explained that farmers, researchers and media hold different views on farming and that farmers may raise problems the team had not anticipated. On 5 September Green Media hosted the team's public forum 'Field Dialogue: Agricultural Solutions to Climate Change' at the Taipei Water Garden Organic Farmers' Market (more than 50 participants), alongside its own Taiwanese coffee and cocoa event, and afterwards published an article covering the forum.",[2026] 7 月初的會議中，綠媒體提醒團隊：農民、研究者與媒體看待農業的角度不同，農民也可能提出團隊沒預料到的問題。9 月 5 日綠媒體在臺北水花園有機農夫市集主辦團隊的公開論壇「田間對話：氣候變遷下的農業解方」（逾 50 人參加），同時結合其臺灣咖啡與可可活動，會後並刊出報導文章。,"[2026] The forum was restructured into three parts ending with an open floor so every participant, especially farmers, could speak; that session produced the two farmer questions on organic certification and units per farm. The team added a coffee and cocoa climate infographic booth, and the article increased the project's visibility.",[2026] 論壇因此改為三段式並以開放討論收尾，讓每位參與者（特別是農民）都能發言；農民關於有機驗證與每塊田需要幾台設備的兩個問題即出自這個環節。團隊另設咖啡與可可氣候資訊圖攤位，報導文章也提高了專案的能見度。,https://timmy97-tw.github.io/releaf-wiki/human-practices/,high
chen-hui-wen,Ms. Chen Hui-wen,陳惠雯 老師,Natural farmer,自然農法農友,"Happy Farm, Tamsui",淡水幸福農莊,,,community,Natural farming without fertilizer or protectants; soil reading; seed saving,不施肥、不用保護劑的自然農法；看土；留種,2026,feedback; interview; site-visit,2026-07-21; 2026-09-16,1,New Taipei City,新北市,TW,25.17,121.44,,"[2026] On 21 July she invited the team to her farm in Tamsui, where they harvested okra and luffa, knelt in her beds while she read the soil, and ate lunch cooked from what they picked. As a natural farmer she doubted whether technology helps at all and warned that over-intervention can stop plants building their own resilience; she also described seed lost to typhoons and floods and asked for a way for growers to exchange seed. An online follow-up call was held on 16 September.",[2026] 7 月 21 日她邀請團隊到她在淡水的農場，一起採收秋葵與絲瓜，蹲在田畦間看她如何讀土，並吃她用採收的菜煮的午餐。身為自然農法農友，她質疑科技是否真的有幫助，並提醒過度介入會讓植物失去自己建立韌性的能力；她也提到颱風、淹水後種子流失，希望有讓農友交換種子的管道。9 月 16 日團隊與她進行線上追蹤訪談。,"[2026] Her concern set a design principle: act only on forecast stress, at a validated dose, and then stop, which shaped how much protectant the business plan releases. Two days later the team prototyped a seed exchange platform, now part of the 農友助手 LINE account.",[2026] 她的顧慮成為設計原則：只在預測到逆境時、以驗證過的劑量作用，之後就停止，並影響商業計畫中保護劑的釋放量。兩天後團隊做出種子交換平台原型，現已納入「農友助手」LINE 帳號。,https://timmy97-tw.github.io/releaf-wiki/human-practices/,high
lanyang-river-friendly-farming-production-cooperat-chen,Mr. Chen,蘭陽溪友善耕作生產合作社,Farmer and founder,農友、創辦人,Lanyang River Friendly Farming Production Cooperative,蘭陽溪友善耕作生產合作社,,,community,"Pesticide-, chemical-fertilizer- and herbicide-free farming and food processing",全程不用農藥、化肥與除草劑的耕作與農產加工,2026,interview,2026-09-24,1,Yilan County,宜蘭縣,TW,24.757,121.753,,"[2026] Online meeting with Mr. Chen, founder of a cooperative that sells produce and processed foods grown without pesticides, chemical fertilizers or herbicides. He warned that a bioreactor on a farm could be damaged by natural disasters or wild animals, or B. subtilis could be intentionally released, and said different crops need different levels of intervention; some, such as strawberries, may need little or none. (The wiki dates this call from a screenshot taken 24 September.)",[2026] 與蘭陽溪友善耕作生產合作社創辦人陳先生線上會議；該合作社銷售全程不使用農藥、化肥與除草劑的農產品與加工品。他提醒放在田間的反應器可能因天災或野生動物受損，或枯草桿菌遭人故意釋出；也指出不同作物對逆境的承受力不同，例如草莓可能幾乎不需要介入。（wiki 依 9 月 24 日的會議截圖推定日期。）,[2026] The risk was added to the threat analysis of the business plan and the biosafety approach was reconsidered; he encouraged a more targeted marketing strategy focused on specific crop groups.,[2026] 團隊將此風險納入商業計畫的威脅分析並重新檢視生物安全做法；他也建議針對特定作物族群制定更聚焦的行銷策略。,https://timmy97-tw.github.io/releaf-wiki/human-practices/,medium
tzu-hsien-wu,Director Tzu-Hsien Wu,吳姿嫺 主任,"Researcher and Director, Biological Control Research Center",研究員兼主任,"Miaoli District Agricultural Research and Extension Station, Ministry of Agriculture",農業部苗栗區農業改良場,Biological Control Research Center,生物防治研究中心,government,Biological control materials and their extension; beekeeping and honeybee pest management; natural-enemy habitat,生物防治資材應用與推廣；養蜂技術與蜜蜂病蟲害防治；天敵昆蟲棲地營造,2026,consultation,2026-09-30,1,Miaoli County,苗栗縣,TW,24.499,120.844,https://www.mdares.gov.tw,"[2026] Director Wu sent the team questions over LINE, and the team replied with a one-page Traditional Chinese summary of ReLeaf (problem, solution, the year's interview record, key results and what is not yet done). The summary notes that the government cell on the team's stakeholder map was still empty, and asks her about how the station's extension system works, whether student teams can collaborate with it, how to find farmers or farmers' associations willing to trial the technology, what conditions (validation data, demonstration fields, support) make farmers try a new technology, and precedents of student or start-up technologies extended through the station. It requests a 20 to 30 minute interview, online or by phone.",[2026] 吳主任透過 LINE 向團隊提問，團隊以一頁繁體中文摘要回覆 ReLeaf 的問題、解方、這一年的訪談紀錄、關鍵結果與尚未完成的部分。摘要坦承利害關係人圖上「公部門」這一格仍是空的，並向她請教：農改場推廣體系如何運作、學生團隊是否有合作管道、如何媒合願意試用的農民或農會、新技術需具備哪些條件（驗證資料、示範田、輔導配套）農民才願意嘗試，以及過去是否有學生團隊或新創技術經農改場推廣落地的案例。文末邀請她撥 20 到 30 分鐘接受線上或電話訪談。,"[2026] First government-sector contact of the 2026 season, aimed at the lab-to-field step (extension, farmer matching, demonstration requirements). Outcome of the interview request not yet recorded.",[2026] 2026 年第一個公部門接觸，目標是從實驗室走到田間這一段（推廣體系、農民媒合、示範條件）。訪談邀約的結果尚未記錄。,https://timmy97-tw.github.io/Releaf_Wu/,medium
jo-shu-chang,Prof. Jo-Shu Chang,張嘉修 教授,Chair Professor,講座教授,National Cheng Kung University,國立成功大學,Department of Chemical Engineering,化學工程學系,academia,Biomanufacturing and bioreactor engineering; B. subtilis bioprocess; membrane reactors,生物製造與生物反應器工程；枯草桿菌生物製程；膜反應器,2026,consultation; feedback,2026-06-18; 2026-09-04,1,Tainan,臺南市,TW,22.9968,120.2169,https://www.che.ncku.edu.tw,"[2026] On 18 June he visited the team to review the hollow-fibre membrane bioreactor: he advised on B. subtilis growth conditions, breaking foam mechanically (or a surfactant-deficient strain / defoamer), monitoring flow rate and transmembrane pressure to catch membrane caking, noted the membrane may be oversized, and found there was no driving force to push protectant through the membrane. On 4 September he returned to see the running reactor and wet-lab data, worked through protectant and cells crossing the membrane with no driving force, asked for a repeat 22 °C growth test and a plasmid stability check, and urged designing for the farmer who must operate it.",[2026] 6 月 18 日他到團隊檢視中空纖維膜生物反應器：建議枯草桿菌的培養條件、以機械方式破泡（或用缺界面活性素菌株、消泡劑），監測流速與跨膜壓差以及早發現膜結垢，指出膜可能過大，並發現設計中沒有推動保護劑穿過膜的驅動力。9 月 4 日他再度來訪，看了運轉中的反應器與濕實驗數據，協助分析保護劑與菌體在無驅動力下穿膜的問題，要求重做 22 °C 生長試驗與質體穩定性檢查，並提醒要為實際操作的農民設計。,"[2026] A stepper pinch valve after the membrane was posted the next day (later a servo), transmembrane pressure went onto a live screen, and pressure-tracking and foam-breaking entered the hardware spec. After September the design moved toward a modular, replaceable bacterial capsule with AIoT control; the passive membrane leak remains an open item.",[2026] 隔天團隊就提出膜後的步進馬達夾管閥（後改為伺服），跨膜壓差改為即時顯示，壓力追蹤與破泡機制寫入硬體規格。9 月後設計轉向模組化、可更換的菌匣與 AIoT 控制；膜在靜止時滲漏的問題仍待解決。,https://timmy97-tw.github.io/releaf-wiki/human-practices/,high
dean-chieh-chen-huang,Dean Chieh-Chen Huang,黃介辰 院長,"Distinguished Professor; Dean, College of Life Sciences",特聘教授；生命科學院院長,National Chung Hsing University,國立中興大學,Department of Life Sciences,生命科學系,academia,Synthetic biology; microbiology; Bacillus genetics; plant endosymbiotic bacteria,合成生物學；微生物學；芽孢桿菌遺傳；植物內生菌,2026,consultation; lab-visit,2026-07-28; 2026-08-06,1,Taichung,臺中市,TW,24.1227,120.6755,https://lifes.nchu.edu.tw,"[2026] On 28 July (online) he advised on timing, dose, sensing and application: biostimulants last longest applied at the seedling stage, too much stress or protectant harms the plant so thresholds and doses must be validated, and the reactor should run periodically when stress arrives, combining sensors with weather forecasts; he also gave cloning advice (dense pellets and more DNA for electroporation, vector and no-plasmid controls). On 6 August the team visited him at NCHU, where he advised on expression and secretion, a stated rationale for each salt and heat condition, and shorter or modified peptides chosen by receptor-peptide interactions, and gave them B. subtilis WB800. He then invited the team to the 2nd ISLSDR symposium.",[2026] 7 月 28 日（線上）他就時機、劑量、感測與施用提供建議：生物刺激素在幼苗期施用效果最持久；逆境或保護劑過量都會傷害植物，須驗證閾值與劑量；反應器應在逆境來臨時週期性運轉，並結合感測器與天氣預報；也給了選殖建議（電穿孔用高密度菌體與較多 DNA、加入空載體與無質體對照）。8 月 6 日團隊到中興大學拜訪他，他就表現與分泌、每種鹽與高溫條件的實驗理由、以受體－胜肽交互作用挑選較短或修飾過的胜肽提供建議，並給了枯草桿菌 WB800 菌株。之後他邀請團隊參加第二屆 ISLSDR 研討會。,"[2026] The reactor was reframed to run periodically on forecast stress, electroporation was reworked with control groups, module 4's terminator returned to B0015 after he said recombination in Bacillus was not the problem, and protein quantity, identity, solubility and function are now evaluated together. WB800 became a new secretion chassis.",[2026] 反應器改為依預測逆境週期性運轉；電穿孔流程重整並加入對照組；他認為芽孢桿菌的重組不是問題後，第 4 模組的終止子改回 B0015；蛋白的產量、身分、溶解度與功能改為一併評估。WB800 成為新的分泌用底盤菌。,https://timmy97-tw.github.io/releaf-wiki/human-practices/,high
tzu-pi-huang,Prof. Tzu-Pi Huang,黃姿碧 教授,Professor,教授,National Chung Hsing University,國立中興大學,Department of Plant Pathology,植物病理學系,academia,Bacillus-based microbial formulations; plant stress-resistance materials; protectant delivery,芽孢桿菌微生物製劑；植物抗逆資材；保護劑施用,2026,consultation; lab-visit,2026-08-06,1,Taichung,臺中市,TW,24.1227,120.6755,https://www.pp.nchu.edu.tw,"[2026] A second NCHU consultation on 6 August, evaluating the B. subtilis engineering strategy, protectant delivery, plant testing systems and agricultural applications. She discussed optimising bacterial production, protectant concentration and application timing, and delivery methods such as irrigation, spraying and seed coating, since the bacteria stay inside the reactor.",[2026] 8 月 6 日在中興大學的第二場諮詢，評估枯草桿菌工程策略、保護劑施用、植物測試系統與農業應用。由於菌體留在反應器內，她與團隊討論如何優化菌體生產、保護劑濃度與施用時機，以及灌溉、噴灑、種子披衣等施用方式。,"[2026] The team recognised that effectiveness depends on how much protectant reaches the plant, when and how often, not only whether B. subtilis produces it, and that optimising the culture medium may ease the trade-off between growth and protein output.",[2026] 團隊體認到系統效果不只取決於枯草桿菌是否產生保護劑，還取決於有多少到達植物、何時送達與施用頻率；優化培養基也可能緩解菌體生長與蛋白產量之間的取捨。,https://timmy97-tw.github.io/releaf-wiki/human-practices/,high
mei-chun-cheng,Prof. Mei-Chun Cheng,鄭梅君 教授,Assistant Professor,助理教授,National Taiwan University,國立臺灣大學,Department of Biochemical Science and Technology,生化科技學系,academia,Plant and stress biology; Arabidopsis growth and stress assays,植物與逆境生物學；阿拉伯芥栽培與逆境試驗,2026,consultation; lab-visit; mentorship,2026-03-27; 2026-08-28,1,Taipei,臺北市,TW,25.0173,121.5397,https://www.bst.ntu.edu.tw,"[2026] On 27 March the team visited her lab at NTU with no plants and no protocol; she agreed with heat, salinity and drought as target stresses and Arabidopsis as the model, warned that hydroponics alone is unstable, showed her plates and home-made hydroponic boxes, and gave the team Arabidopsis seed. On 28 August the team returned with a progress report, two hydroponic boxes and eight experiment sets; her rulings (written up 2 September) set plant age at 10 to 20 days, a 200 mM salt ceiling, treatment by transfer instead of spraying, and found the gradual soil salt ramp too mild.",[2026] 3 月 27 日團隊在沒有植物、也沒有實驗流程的情況下拜訪她在臺大的實驗室；她認同以高溫、鹽害、乾旱為目標逆境並以阿拉伯芥為模式植物，提醒單靠水耕不穩定，示範了培養盤與自製水耕盒，並提供阿拉伯芥種子。8 月 28 日團隊帶著進度報告、兩套水耕盒與八組實驗數據回訪；她的建議（9 月 2 日整理）將植株年齡定為 10 至 20 天、鹽濃度上限 200 mM、以移植到含處理的培養盤取代噴灑，並指出土壤漸進加鹽的做法太溫和。,"[2026] The plant model switched from Medicago to Arabidopsis on agar then soil, osmotic stress was dropped, and her hydroponic box design was copied. Her August rulings became experiment set 8 (ten-day plants treated by transfer). The development page records that she later adopted the team's design for use with her graduate students.",[2026] 植物模型由苜蓿改為先在洋菜培養盤、後移入土壤的阿拉伯芥，刪除滲透逆境，並仿製她的水耕盒設計。她 8 月的建議成為第 8 組實驗（十日齡植株、以移植處理）。開發頁記載她之後將團隊的設計用於她的研究生。,https://timmy97-tw.github.io/releaf-wiki/plant/,high
wen-liang-chen,Prof. Wen-Liang Chen,陳文亮 教授,Professor; founder of AgriTalk,教授；農譯科技創辦人,National Yang Ming Chiao Tung University,國立陽明交通大學,Department of Biological Science and Technology,生物科技學系,academia,AIoT and smart agriculture; sensor-based crop management; agri-tech entrepreneurship,AIoT 與智慧農業；感測器作物管理；農業科技創業,2026,conference; consultation; feedback,2026-04-10; 2026-06-20; 2026-07-09; 2026-09-05,1,Hsinchu,新竹市,TW,24.7869,120.9975,https://www.agritalk.com.tw,"[2026] On 10 April (online) he told the team to treat the hardware as the printer and the biofertilizer as the ink, drop soil moisture sensing, leave open-soil release for a contained bioreactor, define input-output mapping and plan beyond the small local market. On 20 June he visited the team and reviewed the math model, plant model, protectant, hydroponics, circuit and reactor, taking apart the proposed auto-filling reservoir and urging a feedback loop between model and bench; he also joined the 9 July CH Biotech visit. On 5 September he spoke at the team's public forum on smart agriculture, arguing protection should depend on whether the plant can keep growing under stress.",[2026] 4 月 10 日（線上）他建議把硬體當成「印表機」、生物肥料當成「墨水」，放棄土壤濕度感測，不要把工程菌釋放到開放土壤而改用封閉式生物反應器，明確定義輸入輸出，並跳脫太小的本地市場。6 月 20 日他到團隊檢視數學模型、植物模型、保護劑、水耕、基因線路與反應器，否決了自動補水槽構想，並要求模型與實驗形成回饋迴路；7 月 9 日也一同參訪正瀚生技。9 月 5 日他在團隊的公開論壇以智慧農業為題演講，主張應依植物在逆境下能否持續生長來決定保護措施。,"[2026] Triggered the 15 April pivot from soil release to a contained, light-gated bioreactor and the cartridge (consumable) business model, plus a competitive analysis. After June the model was connected to wet-lab data, salt dose-by-time series and dissolved-oxygen monitoring were added, and he sent the team to Yes Health iFarm.",[2026] 促成 4 月 15 日由土壤釋放轉為封閉、光控生物反應器的轉向，以及「賣耗材（菌匣）」的商業模式與競品分析。6 月後模型與濕實驗數據串接，加入鹽濃度與處理時間系列及溶氧監測，並由他引薦參訪源鮮智慧農場。,https://timmy97-tw.github.io/releaf-wiki/human-practices/,medium
elizabeth-sattely,Dr. Elizabeth Sattely,史丹佛大學,,,Stanford University,史丹佛大學,Department of Chemical Engineering,化學工程學系,academia,Plant biochemistry; plant metabolic pathways; protectant design,植物生化；植物代謝路徑；保護劑設計,2026,consultation; feedback,2026-06-27; 2026-09-12,1,"Stanford, CA",加州史丹佛,US,37.4275,-122.1697,https://cheme.stanford.edu,"[2026] On 27 June (online) she evaluated the protectant selection, delivery strategy and project direction, said the proof of concept as planned might not succeed, and told the team to write down goals and milestones, do one stress well, validate the purified protectant on plants before integrating it, and consider peptides. On 12 September she reviewed the work again with Prof. Drew Endy, focusing on experimental design, controls and showing that the bacteria make and secrete ACC deaminase.",[2026] 6 月 27 日（線上）她評估了保護劑選擇、遞送策略與整體方向，指出原本的概念驗證可能不成立，要求團隊寫下目標與里程碑、專注把一種逆境做好、先把純化保護劑直接施用在植物上驗證再整合進系統，並考慮胜肽類分子。9 月 12 日她與 Drew Endy 教授再次審閱，重點放在實驗設計、對照組，以及證明細菌確實產生並分泌 ACC 去胺酶。,"[2026] Direct plant assays with applied protectant (including CH Biotech's peptide as set 7) came before reactor integration, a peptide design track began, and the protectant set was fixed to ACC deaminase, BoPep4 and LEA14. After September, controls were expanded and ACCD verification at RNA and protein level was added.",[2026] 先以直接施用保護劑的植物試驗驗證（包括以正瀚生技胜肽為第 7 組），再整合進反應器；開啟胜肽設計分支，並將保護劑定為 ACC 去胺酶、BoPep4 與 LEA14。9 月後擴充對照組，並加入 RNA 與蛋白層級的 ACCD 驗證。,https://timmy97-tw.github.io/releaf-wiki/human-practices/,high
jennifer-brophy,Dr. Jennifer Brophy,史丹佛大學,Assistant Professor,助理教授,Stanford University,史丹佛大學,Department of Bioengineering,生物工程學系,academia,Plant synthetic biology; gene circuit design; biocontainment,植物合成生物學；基因線路設計；生物圍堵,2026,consultation,2026-04-18,1,"Stanford, CA",加州史丹佛,US,37.4275,-122.1697,https://bioengineering.stanford.edu,"[2026] Online meeting in which the team reviewed its signal-route options and the B. subtilis circuit and hardware design with her. She highlighted several problems with relying on a kill switch (kill switches can mutate away) and advised making physical containment the primary safety mechanism, with a semi-permeable membrane that keeps bacteria in and lets protectant out.",[2026] 線上會議中，團隊與她討論訊號路徑選項以及枯草桿菌的基因線路與硬體設計。她指出只依賴自殺開關的多項問題（自殺開關可能因突變失效），建議以物理圍堵為主要安全機制，並設計能留住細菌、讓保護劑通過的半透膜。,"[2026] Physical containment became the primary biosafety layer, a kill switch was demoted to an optional second layer, and the hollow-fibre membrane design followed a week later.",[2026] 物理圍堵成為主要生物安全機制，自殺開關降為可選的第二層防護；一週後團隊畫出中空纖維膜設計。,https://timmy97-tw.github.io/releaf-wiki/human-practices/,medium
drew-endy,Prof. Drew Endy,史丹佛大學,Professor,教授,Stanford University,史丹佛大學,Department of Bioengineering,生物工程學系,academia,Synthetic biology; biological engineering,合成生物學；生物工程,2026,consultation; feedback,2026-09-12,1,"Stanford, CA",加州史丹佛,US,37.4275,-122.1697,https://bioengineering.stanford.edu,"[2026] Joined Dr. Sattely for the team's second Stanford review (online). They focused on how the team presents its experimental design, controls, mechanism and the role of ACCD, told the team to distinguish clearly between the engineered B. subtilis and the protectant delivered to plants, to show the bacteria produce and secrete ACCD, and to say what each experiment was for and what its result shows. He also made the same point as the NCHU symposium about stating the finding in every slide title.",[2026] 與 Sattely 博士一同進行團隊第二次史丹佛審閱（線上）。他們著重團隊如何呈現實驗設計、對照組、作用機制與 ACCD 的角色，要求清楚區分工程枯草桿菌與實際遞送給植物的保護劑、證明細菌能產生並分泌 ACCD，並說明每個實驗的目的與結果代表什麼。他也提出與中興大學研討會相同的建議：每張投影片標題要直接寫出發現。,"[2026] Controls were expanded to isolate bacterial output from plant responses, RNA and protein verification of ACCD was added, and the narrative was restructured to separate the biological mechanism from the hardware delivery platform.",[2026] 擴充對照組以區分菌體產物與植物反應，加入 ACCD 的 RNA 與蛋白層級驗證，並重整敘事，把生物機制與硬體遞送平台分開說明。,https://timmy97-tw.github.io/releaf-wiki/human-practices/,high
taipei-expo-farmers-market-community,Taipei Expo Farmers' Market (smallholder and organic farmers),花博農民市集,,,Taipei Expo Farmers' Market (smallholder and organic farmers),花博農民市集,,,community,Smallholder and organic farming practice,小農與有機耕作實務,2026,interview; survey,2026-05-16,1,Taipei,臺北市,TW,25.0697,121.5198,,"[2026] The team's first farmer outreach: members interviewed organic and smallholder stallholders at the Taipei Expo Farmers' Market about which environmental stresses hurt their crops most and how they feel about technology on the farm. Farmers named pests, pathogens, water shortage and unpredictable weather before salt, and the cost of every fix.",[2026] 團隊第一次農民外展：在花博農民市集訪談有機與小農攤商，詢問哪些環境逆境對作物影響最大，以及他們對農業科技的看法。農民先提到的是病蟲害、缺水與難以預測的天氣，其次才是鹽害，以及每種解方的成本。,"[2026] Biotic stress entered the project scope (forecasting and farmer tools), the business plan had to answer that technology must be affordable, accessible and practical, and the finding that information never reaches farmers led to the 農友助手 LINE platform.",[2026] 將生物性逆境納入專案範圍（預測與農民工具），商業計畫須回應「科技要便宜、易取得、實用」的要求；而「資訊到不了農民手上」的發現促成了「農友助手」LINE 平台。,https://timmy97-tw.github.io/releaf-wiki/human-practices/,high
taipei-fuhsing-private-school-education,Taipei Fuhsing Private School,臺北市私立復興實驗高級中學,,,Taipei Fuhsing Private School,臺北市私立復興實驗高級中學,,,education,"High school students, grades 10 to 12",高中學生（10 至 12 年級）,2026,education; survey; workshop,2026-08-14,1,Taipei,臺北市,TW,25.0386,121.549,https://www.fhjh.tp.edu.tw,"[2026] Workshop 'Decoding the Genetic Code: From DNA to the Future of Food Security' for a class of 28: an introduction to iGEM and synthetic biology, plant stress, an onion-cell plasmolysis experiment in 3 M and 6 M salt, a leaf-disk photosynthesis video, the ReLeaf bioreactor, and a transcription and translation mutation game, with Kahoot pre-survey and KAP post-survey. The homeroom teacher also filled in a feedback survey. (The plant page mentions an earlier session at Fushing in June.)",[2026] 為 28 名學生開設「解碼基因：從 DNA 到糧食安全的未來」工作坊：介紹 iGEM 與合成生物學、植物逆境、以 3 M 與 6 M 鹽水進行洋蔥細胞質壁分離實驗、葉圓片光合作用影片、ReLeaf 生物反應器，以及轉錄轉譯突變遊戲，並以 Kahoot 前測與 KAP 後測評估。班導師也填寫了回饋問卷。（植物頁提到 6 月在復興另有一次課程。）,"[2026] Students asked for clearer explanations of how DNA is modified and how mutations occur, louder voices, bigger fonts and fewer words per slide; the team plans more interactive elements since the hands-on plasmolysis question scored highest.",[2026] 學生希望更清楚說明 DNA 如何被修改與突變如何發生，並建議講者音量加大、字體放大、投影片字數減少；由於動手做的質壁分離題答對率最高，團隊計畫增加更多互動環節。,https://timmy97-tw.github.io/releaf-wiki/education/,medium
taiwan-smart-agriweek-2026,Taiwan SMART Agriweek 2026 (exhibitors and government sectors),2026 台灣國際智慧農業週,,,Taiwan SMART Agriweek 2026 (exhibitors and government sectors),2026 台灣國際智慧農業週,,,industry,Agricultural technology exhibition; smart-farming products,農業科技展覽；智慧農業產品,2026,conference; feedback,2026-09-09,1,Taipei,臺北市,TW,25.0566,121.6175,https://www.taiwanagriweek.com,"[2026] The team took the business case to the Smart Agriweek exhibition floor. Exhibitors indicated that young farmers are the likely early adopters while older farmers need convincing, that regulation will be hard for a GMO-based product, that one device replacing several products (e.g. BioBar and Agriweather) is a price advantage, and government sectors signalled they may help subsidise products like theirs.",[2026] 團隊把商業構想帶到智慧農業週展場檢驗。交流中得知：年輕農民最可能率先採用，年長農民則需另外說服；使用基改生物的產品在法規上會很困難；一台設備取代多項產品（如 BioBar 與 Agriweather）具價格優勢；政府部門也表示可能補助這類產品。,[2026] The target user and pricing case on the Entrepreneurship page were revised around young farmers and the multi-product value case.,[2026] 創業頁的目標客群與定價論述改以年輕農民及「一機多用」的價值為核心。,https://timmy97-tw.github.io/releaf-wiki/human-practices/,medium
gilbert-nkpeniyeng,Gilbert Nkpeniyeng,,Leader,負責人,Ubuntu Social Enterprise Ghana (USE-GH),,,,ngo,Social enterprise connecting smallholder farmers to markets; climate impacts on farming in Ghana,協助小農直接銷售、減少中間商的社會企業；迦納氣候對農業的衝擊,2026,interview,2026-02-01,1,,,GH,,,,"[2026] Early in the project the team talked online with the leader of Ubuntu Social Enterprise Ghana, which sells farmers' products for them so they avoid middlemen. They learned that climate is actively harming crops and making it harder to farm on generational land, and that farming families must trade off between eating and earning. The milestone page's first Human Practices meeting (1 February, the first time the pitch went outside the team) carries a photo file named for Gilbert Nkpeniyeng.",[2026] 專案初期，團隊與迦納 Ubuntu 社會企業（USE-GH）的負責人線上交流；該社企代農民銷售產品，讓他們不必經過中間商。團隊得知氣候正實際傷害作物，讓世代耕作的土地愈來愈難經營，務農家庭常得在「自己吃」與「拿去賣」之間取捨。里程碑頁的第一次人類實踐會議（2 月 1 日，首次對團隊外部簡報）照片檔名標有 Gilbert Nkpeniyeng。,"[2026] Inspired the initial project pitch and the social-enterprise model in the business plan, and supplied the account of climate damage on generational farmland used under SDG 2 and SDG 10 on the Sustainability page.",[2026] 啟發了最初的專案構想與商業計畫中的社會企業模式，並提供永續頁 SDG 2 與 SDG 10 所引用的世代農地受氣候損害的第一手描述。,https://timmy97-tw.github.io/releaf-wiki/sustainability/,medium
world-vegetable-center,World Vegetable Center,世界蔬菜中心,,,World Vegetable Center,世界蔬菜中心,,,research,Smallholder vegetable farming; climate resilience; biotic and abiotic stress,小農蔬菜生產；氣候韌性；生物與非生物逆境,2026,interview,2026-05-22,1,Tainan,臺南市,TW,23.1435,120.3197,https://avrdc.org,"[2026] Online meeting on the challenges smallholder farmers face, including climate resilience and the combined effect of biotic and abiotic stresses. They advised staying with heat stress, since other stresses are harder to combat, sensing root pressure if pathogens are addressed, and aiming for a sustainable-farming label.",[2026] 線上會議，討論小農面臨的挑戰，包括氣候韌性以及生物與非生物逆境的共同影響。他們建議專注在高溫逆境（其他逆境較難對付），若要處理病原可改為偵測根壓，並以永續農業標章為目標。,"[2026] The team recognised it must show the product is environmentally safe, beneficial and sustainable to win acceptance from traditional and natural farmers, added GMO regulatory research, and targeted a sustainable-farming label rather than organic certification.",[2026] 團隊體認到必須證明產品對環境安全、有益且永續，才能被傳統與自然農法農民接受；因此加入基改法規研究，並以永續農業標章而非有機驗證為目標。,https://timmy97-tw.github.io/releaf-wiki/human-practices/,high
yes-health-ifarm,"Yes Health iFarm (YesHealth Agri-Biotechnology Co., Ltd.)",源鮮智慧農場（源鮮農業生物科技股份有限公司）,,,"Yes Health iFarm (YesHealth Agri-Biotechnology Co., Ltd.)",源鮮智慧農場（源鮮農業生物科技股份有限公司）,,,industry,Controlled-environment indoor vertical hydroponic farming,環控室內垂直水耕農場,2026,interview; site-visit,2026-08-11,1,Taoyuan,桃園市,TW,25.079,121.261,https://www.yeshealth.com.tw,"[2026] Sent by Prof. Chen, the team visited this commercial indoor vertical hydroponic farm, stood under a wall of hydroponic channels, looked at how the float plate is carried from below, and put questions to the farm's director on environmental monitoring, nutrients, lighting, aeration and circulation. Some exact technical data they asked for was not available to them.",[2026] 經陳文亮教授引薦，團隊參觀這座商業化室內垂直水耕農場，站在整面水耕槽牆下，從下方觀察浮板如何被支撐，並向農場負責人請教環境監測、養分、光照、曝氣與循環等問題。部分團隊想要的精確技術數據無法取得。,"[2026] The team reconsidered its 16/8 light cycle against 12/12, added dissolved oxygen (and possibly OD) to reactor parameters, switched the growth chamber to gentle aeration and circulation instead of pure oxygen, minimised plant transfers, and redrew the float-plate CAD the same day. It also suggested ReLeaf could grow into detecting nutrient deficiency.",[2026] 團隊重新評估 16/8 與 12/12 光週期、將溶氧（或 OD）納入反應器參數、生長箱改為溫和曝氣與循環而非純氧、減少植株移植，並在當天就修改浮板 CAD。也啟發 ReLeaf 未來可擴展到偵測養分缺乏。,https://timmy97-tw.github.io/releaf-wiki/human-practices/,high
yongping-elementary-school-education,"Yongping Elementary School, Yonghe",新北市永和區永平國民小學,,,"Yongping Elementary School, Yonghe",新北市永和區永平國民小學,,,education,Elementary students (grades 4 to 6),國小學生（四至六年級）,2026,education; survey; workshop,2026-06-24,1,New Taipei City,新北市,TW,25.0106,121.5125,,"[2026] Preliminary trial of the elementary workshop 'Little Plant Guardians: Combating Environmental Stress' (16 pre-survey, 12 post-survey students): climate change and plant stress, the spinach leaf-disk photosynthesis experiment with heat, ATCG base pairing and synthetic biology, a DNA card game, and a self-watering PET-bottle planter.",[2026] 國小工作坊「小小植物守護者：對抗環境逆境」的預試（前測 16 人、後測 12 人）：內容包括氣候變遷與植物逆境、加熱的菠菜葉圓片光合作用實驗、ATCG 配對與合成生物學、DNA 卡牌遊戲，以及寶特瓶自動澆水盆栽。,[2026] Feedback on teamwork led the team to reinforce pre-session briefings so each member knew their role.,[2026] 依據團隊合作方面的回饋，加強課前簡報，確保每位成員清楚自己的角色與補位方式。,https://timmy97-tw.github.io/releaf-wiki/education/,medium
academia-sinica,Academia Sinica,中央研究院,,,Academia Sinica,中央研究院,,,research,Biotechnology and materials science; computational modelling; site-directed mutagenesis,生物技術與材料科學；計算模擬；定點突變,2025,collaboration,,1,Taipei,臺北市,TW,25.0418,121.6146,https://www.sinica.edu.tw,"[2025] On the Entrepreneurship page's stakeholder map, Academia Sinica is listed under ""Manage Closely"": the team says it collaborated with Academia Sinica researchers on computational modelling and site-directed mutagenesis strategies. No researcher, lab or date is named, and it is not listed on the Attributions form.",[2025] 創業頁面的利害關係人地圖將中央研究院列為「密切管理」對象，團隊表示曾與中研院研究人員合作計算模擬與定點突變策略。頁面未寫出研究人員、實驗室或日期，致謝表中也沒有列出。,"[2025] Helped refine the design of the TfCut2 variants and, per the team, added technical credibility.",[2025] 協助修正 TfCut2 變異株的設計，團隊認為也提升了技術可信度。,https://2025.igem.wiki/gems-taiwan/entrepreneurship,low
vaskar-gnyawali,Dr. Vaskar Gnyawali,,Co-founder and Chief Scientific Officer,共同創辦人暨科學長,Breaking,,,,industry,Microbial engineering; bio-encapsulation; enzymatic and microbial plastic degradation; bio-prospecting,微生物工程；生物包埋；酵素與微生物塑膠降解；生物探勘,2025,consultation; interview,,1,Boston,波士頓,US,42.3601,-71.0589,https://www.breaking.com,"[2025] The team met Dr. Gnyawali, co-founder and CSO of Breaking (a plastic-degradation company and former Harvard Wyss Institute researcher), to discuss plastic degradation and possible collaboration. He explained that a single enzyme cannot handle every form of PET, so multi-enzyme or sequential strategies are needed, warned that TPA accumulation lowers pH and destabilises enzymes, introduced Breaking's bio-prospecting pipeline, and discussed policy context such as the UN Global Plastic Treaty. He expressed interest in co-hosting seminars and collaborating on lab tasks and encouraged the team to explore the health impacts of micro- and nanoplastics.",[2025] 團隊與塑膠降解公司 Breaking 的共同創辦人暨科學長 Gnyawali 博士（曾任哈佛 Wyss 研究所研究員）會談，討論塑膠降解與合作可能。他說明單一酵素無法處理所有型態的 PET，需要多酵素或分段降解策略，提醒 TPA 累積會降低 pH 並使酵素不穩定，介紹 Breaking 的生物探勘流程，並談到聯合國全球塑膠公約等政策背景。他表示有興趣合辦講座與合作實驗，並鼓勵團隊探討微／奈米塑膠對健康的影響。,"[2025] Reinforced a sequential, multi-enzyme strategy with pH control and by-product management, inspired consideration of environmental sourcing for enzyme discovery, and opened potential collaboration on lab work and outreach.",[2025] 強化團隊採用分段、多酵素並搭配 pH 控制與副產物管理的策略，啟發以環境採樣發掘酵素的思路，並開啟實驗與推廣合作的可能。,https://2025.igem.wiki/gems-taiwan/human-practices,high
compeq-manufacturing-co-ltd,"COMPEQ Manufacturing Co., Ltd.",華通電腦股份有限公司,,,"COMPEQ Manufacturing Co., Ltd.",華通電腦股份有限公司,,,industry,"Instrumental analysis (SEM, FT-IR, DSC, HPLC)",儀器分析（SEM、FT-IR、DSC、HPLC）,2025,sponsorship,,1,Taoyuan,桃園市,TW,25.055,121.265,https://www.compeq.com.tw,"[2025] COMPEQ provided and operated the SEM, FT-IR, DSC and HPLC equipment used in the project and supplied the analysis results; it is listed as a sponsor on the Attributions form.",[2025] 華通電腦提供並協助操作本專案使用的 SEM、FT-IR、DSC 與 HPLC 設備，並提供分析結果；致謝表將其列為贊助單位。,"[2025] Enabled the crystallinity (DSC), morphology (SEM) and chemical-structure (FT-IR) measurements that validated the pretreatment and degradation results.",[2025] 使團隊得以進行結晶度（DSC）、表面形貌（SEM）與化學結構（FT-IR）量測，驗證前處理與降解成果。,https://2025.igem.wiki/gems-taiwan/measurement,high
cerebral-palsy-association-of-the-r-o-c,Cerebral Palsy Association of the R.O.C.,中華民國腦性麻痺協會,,,Cerebral Palsy Association of the R.O.C.,中華民國腦性麻痺協會,,,ngo,Support for people with cerebral palsy and their families,腦性麻痺者及其家庭支持服務,2025,partnership,,1,Taipei,臺北市,TW,25.033,121.5654,https://www.cplink.org.tw,"[2025] Proceeds from the team's flea-market booth and activities (and future events) are donated to the Cerebral Palsy Association of the R.O.C. to support families affected by cerebral palsy, many of whose parents work for Story Wear. The Human Practices page describes the recipient as a non-profit supporting parents who work for Story Wear.",[2025] 團隊二手市集攤位與活動（及日後活動）的收入捐給中華民國腦性麻痺協會，支持腦性麻痺兒家庭，其中許多家長在 Story Wear 工作。人類實踐頁面將受捐單位描述為支持 Story Wear 員工家長的非營利組織。,[2025] Linked the team's circular-fashion outreach to social inclusion (SDG 11).,[2025] 將團隊的循環時尚推廣與社會共融（SDG 11）連結。,https://2025.igem.wiki/gems-taiwan/sustainability,medium
tzung-hai-yen,Dr. Tzung-Hai Yen,顏宗海 醫師,"Physician; Director, Clinical Poison Center",林口長庚臨床毒物中心主任,"Chang Gung Memorial Hospital, Linkou",林口長庚紀念醫院,Clinical Poison Center,臨床毒物中心,medical,Clinical toxicology; health effects of plastics and microplastics,臨床毒物學；塑膠與微塑膠對健康的影響,2025,conference; education,2025-06-12,1,Taoyuan,桃園市,TW,25.0614,121.3676,https://www.cgmh.org.tw,"[2025] Dr. Yen Tzung-Hai spoke on the expert panel at the team's Dadaocheng community sustainability event, discussing the impact of plastic on human health (panel ""Microplastic Pollution Effect on Human Health"") and emphasising the environmental urgency of textile waste. The wiki names him but does not state his affiliation; the affiliation here is from public sources.",[2025] 顏宗海醫師在團隊於大稻埕舉辦的社區永續活動中擔任座談講者，談塑膠對人體健康的影響（「微塑膠污染對人體健康的影響」座談），並強調紡織廢棄物的環境急迫性。wiki 只寫出姓名、未註明單位，此處單位依公開資料補充。,[2025] His medical explanations supported the microplastics-and-health booth and were used to address respondents who underestimated the seriousness of textile waste.,[2025] 他的醫學說明支援了「微塑膠與健康」攤位，並用來回應低估紡織廢棄物嚴重性的受訪者。,https://2025.igem.wiki/gems-taiwan/education,medium
china-medical-university-university-students,China Medical University,中國醫藥大學,,,China Medical University,中國醫藥大學,University students (bioscience programmes),大學生（生命科學相關科系）,academia,University bioscience study; iGEM participation,大學生命科學學習；iGEM 參賽經驗,2025,collaboration; education; mentorship,2025-06-12,1,Taichung,臺中市,TW,24.157,120.68,https://www.cmu.edu.tw,"[2025] University students (named as ""China Medical University (CSMU)"" on the Education page) co-designed the teaching slides and plans for the Xisong High School session and shared their experience of university bioscience programmes, iGEM, entrance exams and science competitions, leading a mentorship Q&A on careers.",[2025] 大學生（教育頁寫為「China Medical University (CSMU)」）與團隊共同設計西松高中的教材與教案，並分享大學生命科學課程、iGEM、升學考試與科學競賽經驗，帶領生涯導師問答。,[2025] Added mentorship and career exploration to the high school programme.,[2025] 為高中課程加入導師指導與生涯探索。,https://2025.igem.wiki/gems-taiwan/education,low
de-licacy-industrial-co-ltd,"De Licacy Industrial Co., Ltd.",得力實業股份有限公司,,,"De Licacy Industrial Co., Ltd.",得力實業股份有限公司,,,industry,Midstream functional and sustainable fabric development; recycled-material fabrics for global brands,中游機能與永續布料開發；為國際品牌生產含再生原料的布料,2025,consultation; interview,,1,Tainan,臺南市,TW,23.0786,120.295,https://www.delicacy.com.tw,"[2025] The team met De Licacy, a Taiwanese midstream textile manufacturer with over ten years of fabric development, to explore turning the team's monomers back into textiles. They explained that recycled PET comes mostly from bottles, so bottle-rPET is cheap while textile-to-textile recycling still faces high collection and processing costs, that performance and outdoor brands with eco-conscious customers are the most promising first market, and that Taiwan's strength is agility in functional fabrics. Manufacturers' priorities for adoption are monomer purity, scalability and stability, and above all cost competitiveness.",[2025] 團隊與擁有十多年布料開發經驗的臺灣中游紡織廠得力實業會談，探討將團隊的單體再製成布料。對方說明目前再生 PET 多來自寶特瓶，瓶回收成熟、價差小，而布對布回收仍面臨高收集與處理成本；機能與戶外品牌的消費者較具環保意識，是新回收技術最有希望的首批市場；臺灣的優勢在於機能布料與快速導入創新。製造商最重視的是單體純度、規模化與穩定性，其中成本競爭力最為關鍵。,"[2025] Helped define scale-up expectations (high monomer purity, reliable scalability, cost competitiveness) and identified performance-textile brands as early adopters, focusing the team on industry-ready, economically viable enzyme systems.",[2025] 協助團隊定義放大的條件（高單體純度、可靠的規模化、成本競爭力），並將機能布料品牌視為早期採用者，使團隊聚焦於可產業化且具經濟可行性的酵素系統。,https://2025.igem.wiki/gems-taiwan/human-practices,high
han-chen-chiang,Ms. Han-Chen Chiang,和友紡織股份有限公司,"ESG Sustainability Manager (formerly Project Manager, Taiwan Circular Economy Foundation)",ESG 永續經理（曾任臺灣循環經濟相關基金會專案經理）,"Ho Yu Textile Co., Ltd.",和友紡織股份有限公司,,,industry,Circular economy projects across the textile supply chain; recycling infrastructure and policy,紡織供應鏈循環經濟專案；回收基礎設施與政策,2025,consultation; interview,,1,Taoyuan,桃園市,TW,25.035,121.135,https://www.hoyu.com.tw,"[2025] The team met Ms. Chiang, ESG Sustainability Manager at Ho Yu Textile and former project manager at the Taiwan Circular Economy Foundation, to identify gaps in Taiwan's recycling industry. She explained that chemical recycling has strong potential but needs high investment and has higher emissions, that gaps remain in collection and pretreatment with little government funding, contrasted Germany's state-backed system with Taiwan's self-driven efforts, and noted limited domestic demand for recycled textiles and the difficulty of verifying recycled content.",[2025] 團隊與和友紡織 ESG 永續經理江女士（曾任臺灣循環經濟相關基金會專案經理）會談，找出臺灣回收產業的缺口。她說明化學回收潛力大但投資高、排放也較高；收集與前處理環節仍有缺口且政府資金不足；並比較德國由國家支持的體系與臺灣多靠業者自發的現況，也指出國內再生紡織品需求有限、再生成分驗證不易。,[2025] Verified the team's assumption that current recycling systems have gaps and clarified the project's role as a more sustainable solution that improves on other recycling pathways; made the team more aware of the need to seek the right (often overseas) markets.,[2025] 證實團隊對現行回收體系存在缺口的假設，並釐清專案的角色是提出比其他回收途徑更永續的解方；也讓團隊意識到必須主動尋找合適（常在海外）的市場。,https://2025.igem.wiki/gems-taiwan/human-practices,medium
huaxing-children-s-home-education,Huaxing Children's Home,財團法人臺北市華興育幼院,,,Huaxing Children's Home,財團法人臺北市華興育幼院,,,education,Residential care for orphans and vulnerable children aged 3-18,收容 3–18 歲孤兒與弱勢兒童的育幼機構,2025,education; workshop,,1,Taipei,臺北市,TW,25.103,121.53,,"[2025] As inclusive education, the team adapted its ""Enzyme Heroes: Save Our Clothes!"" lesson for grades 1-7 children at Huaxing Children's Home, a residential facility for orphans and vulnerable children placed through government referrals. The session put extra emphasis on hands-on, visual and story-driven activities, split students into smaller age groups, and framed science as a tool for kindness, environmental protection and self-confidence.",[2025] 在包容性教育方面，團隊為華興育幼院（收容經政府轉介之孤兒與弱勢兒童的機構）一至七年級的孩子調整「酵素英雄：拯救我們的衣服！」教案，加重實作、視覺與故事活動，依年齡分成小組，並把科學呈現為善意、環境保護與自信的工具。,"[2025] Children responded very positively; the team learned to add structured transitions, tiered tasks and more sensory/movement elements for mixed-age groups.",[2025] 孩子們反應熱烈；團隊也學到面對混齡學生時要加入更有結構的轉換、分級任務與更多感官／肢體活動。,https://2025.igem.wiki/gems-taiwan/inclusivity,medium
jen-you-chu,Dr. Jen-You Chu,朱仁佑 博士,"Researcher (Manager, Material and Chemical Research Laboratories)",材料與化工研究所經理,Industrial Technology Research Institute (ITRI),財團法人工業技術研究院,Material and Chemical Research Laboratories,材料與化工研究所,research,Textile sorting and recycling technology; Raman/NIR spectroscopy for fibre identification,廢紡織品分選與回收技術；以拉曼／近紅外光譜辨識纖維,2025,consultation; interview,,1,Hsinchu County,新竹縣,TW,24.7736,121.0453,https://www.itri.org.tw,"[2025] The team consulted Dr. Chu on technical strategies for degrading PET/cotton blends. He pressed the team to clarify whether the goal was PET recycling, cotton recycling or full separation, recommended Raman over NIR spectroscopy for multi-material textiles, suggested UV/Raman or digest analysis to monitor degradation in real time, noted PET content should ideally be at least 80% and that alkali dye-removal pretreatment may help, and explained the limits of mechanical and chemical separation and of current Raman/NIR sorting in Taiwan.",[2025] 團隊向朱博士請教 PET／棉混紡布降解的技術策略。他要求團隊釐清目標是 PET 回收、棉回收或完全分離，建議以拉曼光譜取代近紅外光分析多材質紡織品，並建議以 UV／拉曼或消化液分析即時監測降解；他指出 PET 含量最好在 80% 以上、高溫鹼處理去染可能提升效率，也說明機械與化學分離以及臺灣現有拉曼／近紅外分選技術的限制。,"[2025] The team decided to prioritise PET degradation as the first milestone instead of simultaneous PET-cotton breakdown, streamlined enzyme engineering around TfCut2, added pretreatment to the experimental design, and considered Raman screening of PET% and real-time spectroscopic monitoring for hardware and pretreatment protocols.",[2025] 團隊決定以 PET 降解為第一階段目標，而非同時分解 PET 與棉，並聚焦 TfCut2 的酵素工程、把前處理納入實驗設計，也考慮以拉曼預篩 PET 含量及以光譜即時監測，應用於硬體與前處理流程。,https://2025.igem.wiki/gems-taiwan/human-practices,medium
jiutai-resource-recycling-co-ltd-wu,Mr. Wu,久泰資源回收,CEO / Chairman,執行長／董事長,"Jiutai Resource Recycling Co., Ltd.",久泰資源回收,,,industry,"Used-clothing collection, sorting and recycling (over a hundred tons per month)",舊衣回收、分類與再利用（每月上百噸）,2025,collaboration; interview; site-visit,,1,New Taipei City,新北市,TW,25.088,121.444,https://www.jiutai.com.tw,"[2025] The team met Mr. Wu, CEO of Jiutai, a textile recycler handling over a hundred tons of used clothing monthly, to plan a visit and collaboration and learn about recycling barriers. He explained that clothes from donation bins are manually stripped of zippers and labels, PET content is measured by light-based machines, high-purity PET goes to chemical recycling while blends are burned, and that over 80% of PET clothing is recyclable only if clean and pure; he noted per-kilogram subsidies from the Ministry of Environment but little brand or legal pressure. During the later site visit the team saw the sorting process and the volume of clothing awaiting recycling.",[2025] 團隊與每月處理上百噸舊衣的久泰吳先生會談，規劃參訪與合作並了解回收障礙。他說明回收箱的衣物需人工拆除拉鍊、標籤，再以光學設備測 PET 含量，高純度 PET 送化學回收，混紡則被焚化；PET 衣物超過 80% 可回收，但前提是乾淨且純；他也提到環境部有按公斤補助，但品牌與法規壓力仍不足。後續實地參訪時，團隊看到分類流程與大量待回收的衣物。,"[2025] Jiutai offered real blended-fabric samples for lab testing and competitive pricing for large quantities of sorted used clothes, becoming the upstream feedstock partner in the business model (Jiutai upstream to Kingwhale downstream); the meeting also pushed the team to treat policy as part of the project.",[2025] 久泰願意提供真實混紡布樣品供實驗測試，並以具競爭力的價格供應大量已分類舊衣，成為商業模式中的上游原料夥伴（久泰上游、菁華下游）；此次會談也促使團隊把政策納入專案考量。,https://2025.igem.wiki/gems-taiwan/human-practices,high
kingwhale-corporation-huang,Mr. Huang,菁華工業股份有限公司,CEO,執行長,Kingwhale Corporation,菁華工業股份有限公司,,,industry,Functional and sustainable textiles for outdoor/performance brands; recycled PET fabrics,戶外與機能品牌用永續機能布料；再生 PET 布料,2025,consultation; interview,,1,Taipei,臺北市,TW,25.0784,121.5745,https://www.kingwhale.com,"[2025] The team met Mr. Huang, CEO of Kingwhale, a vertically integrated Taiwanese textile and garment company, to understand trends in sustainable textiles and explore downstream collaboration from monomers back to PET textiles. He noted textile-to-textile recycling is a rising trend that may become mandatory but cost is the biggest barrier, advised starting with 100% PET rather than blends, warned of hidden PU and water-resistant coatings, said consumers rarely pay more than 50% extra for sustainability, expressed willingness to collaborate via enzyme licensing or buying recycled monomers, and suggested Fashion for Good as a funding source.",[2025] 團隊與菁華工業（從布料、染整到成衣一條龍的臺灣紡織公司）黃執行長會談，了解永續紡織趨勢並探討從單體回到 PET 布料的下游合作。他指出布對布回收正在興起、未來可能成為法規要求，但成本是最大障礙；建議先處理 100% PET 而非混紡布，提醒 PU、防潑水等隱形塗層問題，並表示即使永續消費者也很少願意多付超過 50%。他願意透過授權酵素或購買再生單體合作，並建議申請 Fashion for Good 的資金。,"[2025] The team decided to focus on pure PET textiles before PET-cotton blends, emphasised a low-cost scalable solution, repositioned the product commercially toward enzyme licensing or monomer sales to large manufacturers, and placed Kingwhale as the downstream partner in its business model.",[2025] 團隊決定先處理純 PET 布料再挑戰 PET／棉混紡，強調低成本、可放大的解方，並將產品商業定位調整為對大型製造商授權酵素或銷售單體，也在商業模式中將菁華工業列為下游夥伴。,https://2025.igem.wiki/gems-taiwan/human-practices,high
wolfgang-zimmermann,Prof. Wolfgang Zimmermann,萊比錫大學,Professor,教授,Leipzig University,萊比錫大學,Department of Biotechnology and Enzyme Technology,生物技術與酵素技術系,academia,Enzymatic polyester (PET) degradation; cutinases,聚酯（PET）酵素降解；角質酶,2025,consultation; interview,2025-07-14,1,Leipzig,萊比錫,DE,51.3397,12.3731,https://www.uni-leipzig.de,"[2025] The team presented its plan to engineer mutant enzymes for simultaneous cotton-polyester degradation to Prof. Zimmermann. He explained that crystalline PET cannot be degraded without pretreatment (thermal or NaOH), that 45 °C is too low and 60-65 °C is needed, suggested dropping cellulase and processing cotton and PET separately, recommended focusing on polyester and starting with 100% polyester textiles, advised statistical characterisation of mutants, mentioned stronger enzymes (ICCG, PHL7), and said full monomer purification/upcycling exceeds iGEM scope. He supported the team's UV-based real-time monitoring hardware.",[2025] 團隊向 Zimmermann 教授報告以突變酵素同時降解棉／聚酯的計畫。他指出結晶 PET 必須先經熱或 NaOH 前處理才能被酵素分解，45 °C 太低、需 60–65 °C；建議捨棄纖維素酶、將棉與 PET 分開處理，聚焦聚酯並先從 100% 聚酯布開始；建議以統計方式比較突變株，並提到 ICCG、PHL7 等更強的酵素；他也認為完整單體純化／升級再造超出 iGEM 範圍，但肯定團隊以 UV 即時監測酵素效率的硬體。,"[2025] Narrowed the project focus to polyester degradation, validated the UV-based hardware monitoring approach, and refined the strategy for statistical mutant characterisation and enzyme selection.",[2025] 使團隊將專案聚焦於聚酯降解，肯定以 UV 硬體監測的方式，並修正突變株統計評估與酵素選擇策略。,https://2025.igem.wiki/gems-taiwan/human-practices,high
luzhou-elementary-school-education,Luzhou Elementary School,新北市蘆洲區蘆洲國民小學,,,Luzhou Elementary School,新北市蘆洲區蘆洲國民小學,,,education,Grades 4-6 students (ages 9-12),四至六年級學生（9–12 歲）,2024; 2025,education; survey; workshop,2025-06-26,2,New Taipei City,新北市,TW,25.0849,121.4731,,"[2024] The team taught Grade 3 students a synthetic biology and dengue lesson: DNA, genes and cells explained with toy-block analogies for ATCG, dengue videos and Q&A games on symptoms and prevention, and a DIY DNA bracelet activity (Grade 3 students first did a base-pairing worksheet).
[2025] The team ran the interactive STEM workshop ""Enzyme Heroes: Save our clothes!"" for grades 4-6: a ""Where do clothes go?"" icebreaker, fast fashion and textile waste storytelling, a clothes-sorting recycling challenge, DNA/ATCG and enzyme basics, the ATCG & enzyme card game, and upcycling old T-shirts into tote bags, with KAP pre- and post-surveys.","[2024] 團隊為三年級學生上合成生物學與登革熱課程：以積木比喻ATCG來講解DNA、基因與細胞，搭配登革熱影片與症狀、預防的問答遊戲，並帶學生動手做DNA手環（三年級學生先完成鹼基配對學習單）。
[2025] 團隊為四至六年級學生舉辦互動 STEM 工作坊「酵素英雄：拯救我們的衣服！」，內容包括「衣服去哪了？」破冰、快時尚與紡織廢棄物故事、衣物分類回收挑戰、DNA／ATCG 與酵素入門、ATCG 與酵素卡牌遊戲，以及將舊 T 恤改製成環保袋，並以 KAP 前後測評估。","[2024] Surveys across the four elementary schools: 95% of students clearly understood dengue symptoms, effects and prevention after the lesson (only 7% knew the details before), and 89% said they understood DNA and biology better. The team adjusted its lesson plan between schools.
[2025] Post-surveys showed large knowledge gains (synthetic fibre identification about 40% to 100%, DNA base pairing about 18% to over 90%) and higher willingness to recycle and reuse clothes.","[2024] 四所國小的課後問卷顯示，95%的學生清楚了解登革熱的症狀、影響與預防（課前僅7%了解細節），89%的學生表示對DNA與生物學更了解。團隊也在各校之間持續調整教案。
[2025] 後測顯示知識明顯提升（辨識人造纖維約 40% 提升至 100%，DNA 鹼基配對約 18% 提升至 90% 以上），回收與重複使用衣物的意願也提高。",https://2024.igem.wiki/gems-taiwan/education https://2025.igem.wiki/gems-taiwan/education,medium
lawrence-yen,Mr. Lawrence Yen,,Founding Partner,創始合夥人,MIH Climate Impact Capital,,,,industry,Climate-tech venture investment; startup scaling and business strategy,氣候科技創投；新創規模化與商業策略,2025,consultation; mentorship,,1,Taipei,臺北市,TW,25.033,121.5654,https://mih.capital,"[2025] Mr. Yen, Founding Partner at MIH Climate Impact Capital and an investor/advisor to sustainability ventures, consulted with the team more than once. At the very beginning he advised pivoting from general PET plastic degradation to PET textile recycling as an emerging textile-to-textile trend, and later urged the team to focus on its core strength in enzyme innovation rather than trying to control the whole supply chain, highlighting patent protection, targeted partnerships and startup resilience.",[2025] MIH Climate Impact Capital 創始合夥人顏先生是永續新創的投資人與顧問，曾多次與團隊諮詢。專案初期他建議團隊從一般 PET 塑膠降解轉向 PET 紡織品回收，指出布對布回收是新興且迫切的趨勢；之後他再提醒團隊專注於酵素創新這項核心優勢，不要過早試圖掌控整條供應鏈，並強調專利保護、精準合作與新創韌性。,[2025] Shaped the project's pivot to textile recycling and the foundation of the entrepreneurship strategy: enzyme development as the key value proposition with partnerships for downstream processing and manufacturing.,[2025] 促成專案轉向紡織品回收，並奠定創業策略基礎：以酵素開發為核心價值主張，下游處理與製造則透過合作完成。,https://2025.igem.wiki/gems-taiwan/human-practices,medium
gregg-beckham,Dr. Gregg Beckham,美國國家再生能源實驗室,Senior Research Fellow,資深研究員,National Renewable Energy Laboratory (NREL),美國國家再生能源實驗室,,,research,Enzymatic plastic recycling; polymer upcycling; process design,塑膠酵素回收；聚合物升級再造；製程設計,2025,consultation; interview,2025-06-11,1,"Golden, CO",科羅拉多州戈登,US,39.7406,-105.1686,https://www.nrel.gov,"[2025] Over Google Meet, Dr. Beckham discussed the technical direction of the PET/cotton degradation project. He said simultaneous PET and cotton degradation in one reactor is unrealistic and recommended a staged PETase-then-cellulase process, advised using commercial cellulase cocktails or Trichoderma reesei (or C. bescii CelA if expressing in-house), stressed pretreatment/amorphisation such as heating followed by rapid quenching, recommended LCC-ICCG and LCC-A2 over TfCut2 (mentioning a low-pH TfCut2 library), and encouraged visible proof-of-concept outputs such as purified TPA and glucose.",[2025] Beckham 博士透過 Google Meet 與團隊討論 PET／棉降解的技術方向。他認為在同一反應槽同時降解 PET 與棉並不實際，建議先以 PETase、再以纖維素酶分段處理；建議使用市售纖維素酶或里氏木黴，如需自行表現可用 C. bescii 的 CelA；強調加熱後快速淬冷等前處理／非晶化的重要性；推薦 LCC-ICCG 與 LCC-A2 優於 TfCut2（並提到低 pH 的 TfCut2 突變庫），並鼓勵以純化 TPA 與葡萄糖等可見成果作為概念驗證。,"[2025] The team adopted rapid quenching after heating to avoid re-crystallisation, which lowered the crystallinity of the PET film, and refined its design into a staged, implementation-ready process.",[2025] 團隊採用加熱後快速淬冷以避免再結晶，成功降低 PET 薄膜結晶度，並把設計調整為分段、可實作的流程。,https://2025.igem.wiki/gems-taiwan/human-practices,high
je-ruei-liu,Prof. Je-Ruei (Zhe-Rui) Liu,劉嚞睿 教授,Professor,教授,National Taiwan University,國立臺灣大學,Department of Biochemical Science and Technology,生化科技學系,academia,Microbial biotechnology; enzyme engineering; plastic-degrading microbes,微生物生物技術；酵素工程；塑膠分解微生物,2025,consultation; interview,2025-04-15,1,Taipei,臺北市,TW,25.0173,121.5397,https://www.ntu.edu.tw,"[2025] The team met Prof. Liu for advice on optimising enzyme activity toward PET and PBAT. He explained that stronger binding does not equal higher catalytic efficiency and can trade off activity between substrates, recommended characterising the wild type first (film degradation, turbidity, monomer release), using p-nitrophenyl butyrate (pNPB) as a quick screening proxy across pH and temperature, noted that temperature optima are rigid while pH is more tunable, and advised structure-guided mutagenesis with colorimetric/fluorescent substrates for high-throughput screening while verifying dual-substrate activity.",[2025] 團隊向劉教授請教如何提升酵素對 PET 與 PBAT 的活性。他說明結合力增強不等於催化效率提升，甚至可能犧牲對另一受質的活性；建議先以薄膜降解、濁度或單體釋放測定野生型基線，並以 p-硝基苯丁酸酯（pNPB）作為快速篩選的替代受質比較不同 pH 與溫度；他指出最適溫度難以改變、pH 則較可調整，並建議以結構導向突變搭配呈色／螢光受質進行高通量篩選，同時確認雙受質活性。,"[2025] Shaped a systematic workflow: baseline characterisation, structure-guided mutagenesis, and pNPB-based high-throughput screening, with preserved PET/PBAT activity as a mutant-evaluation criterion.",[2025] 建立系統化流程：先做基線測定、再進行結構導向突變與以 pNPB 為主的高通量篩選，並把保留 PET／PBAT 雙活性列為突變株評估標準。,https://2025.igem.wiki/gems-taiwan/human-practices,medium
hsiao-ting-wu,Section Chief Hsiao-Ting Wu,環境部資源循環署,Section Chief,科長,"Resource Circulation Administration, Ministry of Environment (RECA)",環境部資源循環署,,,government,Textile circularity policy; Taiwan 2050 Net Zero Pathway (Strategy 8: Resource Circulation and Zero Waste),紡織循環政策；臺灣 2050 淨零轉型（關鍵戰略八：資源循環零廢棄）,2025,interview,,1,Taipei,臺北市,TW,25.0413,121.5093,https://www.reca.gov.tw,"[2025] The team met Section Chief Wu of RECA to understand Taiwan's textile-recycling progress, implementation difficulties and how young innovators can contribute. She explained that textiles are one of ten key sectors under Strategic Action No. 8 of the 2050 Net Zero Pathway, and described initiatives including the Sustainable Fashion Alliance, public-private circular procurement and subsidies for textile identification and recycling technology, the Circular Design Center, and cross-ministerial work with the Ministries of Education and Economic Affairs.",[2025] 團隊拜訪資源循環署吳科長，了解臺灣紡織回收的進展、推動困難以及青年創新者能如何參與。她說明紡織品是 2050 淨零轉型關鍵戰略八（資源循環零廢棄）中的十大重點領域之一，並介紹永續時尚聯盟、公私協力的循環採購與紡織品辨識回收技術補助、循環設計中心，以及與教育部、經濟部的跨部會合作。,"[2025] Confirmed the project's alignment with national textile-recycling challenges and net-zero strategy, showed the government encourages student circular innovation, and inspired the team to add circular-economy concepts to its education outreach.",[2025] 確認專案方向與國家紡織回收挑戰及淨零策略一致，了解政府鼓勵學生投入循環創新，並啟發團隊將循環經濟概念納入教育推廣。,https://2025.igem.wiki/gems-taiwan/human-practices,high
sciket,SCIKET (STAREK Scientific),科研市集（勢得科研股份有限公司）,,,SCIKET (STAREK Scientific),科研市集（勢得科研股份有限公司）,,,industry,Online marketplace for laboratory equipment and consumables,實驗室儀器與耗材線上採購平台,2025,sponsorship,,1,Taoyuan,桃園市,TW,24.9936,121.301,https://www.sciket.com,[2025] SCIKET sponsored the team by offering a 20% discount on various lab equipment (Attributions form).,[2025] 科研市集以實驗室器材八折優惠贊助團隊（見致謝表）。,,,https://2025.igem.wiki/gems-taiwan/attributions,medium
shinkong-synthetic-fibers-corporation,Shinkong Synthetic Fibers Corporation,新光合成纖維股份有限公司,,,Shinkong Synthetic Fibers Corporation,新光合成纖維股份有限公司,,,industry,Polyester fibre manufacturing; textile recycling; life-cycle and carbon-footprint assessment,聚酯纖維製造；紡織品回收；生命週期與碳足跡評估,2025,interview; site-visit,,1,Taipei,臺北市,TW,25.0521,121.533,https://www.sse.com.tw,"[2025] Team members visited Shinkong Synthetic Fibers (called ""New Fibers Textile"" / ""Xin Qian"" on some pages) and heard a technical presentation on the industrial process and the shortcomings of current recycling. The company explained that mechanical recycling damages PET quality and cannot handle blends or coloured/contaminated fabric, that chemical recycling is too energy-intensive for PET-cotton, and that enzymes must cope with semi-crystalline textile-grade PET and remain stable under industrial conditions. They also introduced life-cycle analysis and carbon-footprint accounting as tools to avoid greenwashing.",[2025] 團隊成員參訪新光合成纖維（部分頁面稱為 New Fibers Textile／新纖），聽取技術簡報，了解產業製程與現行回收方式的不足。對方說明機械回收會降低 PET 品質、無法處理混紡或有色／受汙染布料；化學回收用於 PET／棉耗能過高；酵素必須能處理半結晶的紡織級 PET 並在產業條件下保持穩定。他們也介紹以生命週期評估與碳足跡計算避免漂綠。,"[2025] Confirmed the niche for selective enzymatic recycling of blends, reinforced the team's focus on mutagenesis to improve enzyme durability and efficiency, and led the team to plan LCA/carbon-footprint validation of its system.",[2025] 確認酵素選擇性回收混紡布的利基，強化團隊以突變工程提升酵素耐久度與效率的方向，並使團隊規劃以生命週期評估／碳足跡驗證其系統。,https://2025.igem.wiki/gems-taiwan/human-practices,medium
story-wear-alex,Alex,Story Wear,Manager,經理,Story Wear,Story Wear,,,industry,Upcycled denim fashion; ethical employment with cerebral-palsy families and women's associations,丹寧升級再造時尚；與腦性麻痺家庭及婦女團體合作的友善就業,2025,collaboration; interview; partnership,2025-06-12,1,Taipei,臺北市,TW,25.056,121.5105,https://www.story-wear.com,"[2025] Story Wear, a Taiwanese brand upcycling denim and discarded textiles into clothing made by mothers of children with cerebral palsy and women's groups, was the team's main partner for the Dadaocheng sustainability event, which was held at its Dadaocheng store with a Story Wear pop-up booth. The draft HP page records a meeting with manager Alex about supply-chain challenges, corporate partnerships and the team's project: denim comes from donations and mill surplus, removing non-fabric parts is labour-intensive, and blends are costly to process. Proceeds from the team's flea-market booth were donated to support the families of Story Wear's workers.",[2025] Story Wear 是將丹寧與廢棄布料升級再造成服飾、並由腦性麻痺兒家長與婦女團體縫製的臺灣品牌，也是團隊大稻埕永續活動的主要合作夥伴；活動在其大稻埕門市舉行，並設有 Story Wear 快閃攤位。HP 草稿記錄團隊與經理 Alex 會談供應鏈挑戰、企業合作與對專案的看法：丹寧來自捐贈與紡織廠庫存，拆除非布料部件需大量人力，混紡布處理成本高。團隊二手市集攤位的收入也捐出，以支持 Story Wear 員工的家庭。,"[2025] Hosting the event at Story Wear let visitors see and touch stylish upcycled clothing, which the team used to counter the hygiene/stigma and style barriers found in its street survey; the collaboration also linked the project to an inclusive circular economy.",[2025] 在 Story Wear 舉辦活動讓民眾親眼看到、親手摸到時尚的升級再造服飾，團隊藉此回應街訪中發現的衛生疑慮、污名與款式障礙；此合作也讓專案連結到更具包容性的循環經濟。,https://2025.igem.wiki/gems-taiwan/education,medium
street-interview-respondents-and-flea-market-visit-community,"Street-interview respondents and flea-market visitors, Taipei",臺北街頭受訪民眾與二手市集民眾,,,"Street-interview respondents and flea-market visitors, Taipei",臺北街頭受訪民眾與二手市集民眾,,,community,"Consumers' views on second-hand clothing, price and sustainable fashion",消費者對二手衣、價格與永續時尚的看法,2025,interview; survey,,1,Taipei,臺北市,TW,25.033,121.5654,,"[2025] The team ran qualitative street interviews in Xinyi District, Zhongshan District, Miramar and Ximending, and at a second-hand market where it also sold clothing, asking about social norms, affordability and environmental awareness. Most respondents declined to wear second-hand clothes (hygiene, unfamiliarity), chose clothes mainly by style and price, and over half would pay nothing extra for sustainable items. (The team also ran a separate online KAP survey with 706 respondents.)",[2025] 團隊在信義區、中山區、美麗華與西門町進行質性街訪，也在一個二手市集擺攤賣衣並訪談民眾，問題涵蓋社會規範、負擔能力與環境意識。多數受訪者不願穿二手衣（衛生疑慮、不熟悉），選衣以款式與價格為主，且過半不願為永續商品多付錢。（團隊另以線上 KAP 問卷蒐集 706 份回覆。）,"[2025] Identified societal, economic and psychological barriers that shaped the Dadaocheng event (held at Story Wear), expert talks, games and education materials.",[2025] 找出社會、經濟與心理障礙，進而影響大稻埕活動（在 Story Wear 舉辦）、專家演講、遊戲與教材的設計。,https://2025.igem.wiki/gems-taiwan/social-research,medium
taipei-municipal-xisong-high-school-education,Taipei Municipal Xisong High School,臺北市立西松高級中學,,,Taipei Municipal Xisong High School,臺北市立西松高級中學,,,education,High school students,高中生,2025,education; survey; workshop,2025-06-12,1,Taipei,臺北市,TW,25.056,121.558,https://www.hssh.tp.edu.tw,"[2025] The team held an outreach session at Xisong High School, co-taught with university students, covering iGEM and synthetic biology, a transcription/translation role-play, a blueberry DNA extraction experiment, university and career sharing, and a Kahoot quiz, with pre- and post-surveys.",[2025] 團隊在西松高中與大學生共同授課，內容包括 iGEM 與合成生物學介紹、轉錄／轉譯角色扮演、藍莓 DNA 萃取實驗、大學生活與生涯分享以及 Kahoot 測驗，並進行前後測。,"[2025] Moderate impact: gains in core knowledge and willingness to learn synthetic biology and check clothing material; one RNA question declined, prompting the team to revise that content.",[2025] 成效中等：核心知識、學習合成生物學及查看衣物材質的意願有所提升；一題 RNA 題目答對率下降，促使團隊修正該部分內容。,https://2025.igem.wiki/gems-taiwan/education,high
taiwan-digital-talking-book-association-daisy-library,Taiwan Digital Talking Books Association (TDTB),社團法人台灣數位有聲書推展學會,,,Taiwan Digital Talking Books Association (TDTB),社團法人台灣數位有聲書推展學會,DAISY Library,DAISY有聲書圖書館,ngo,Accessible audio content for visually impaired people and students with reading difficulties,為視障者與閱讀困難學生提供無障礙有聲內容,2024; 2025,collaboration; partnership; sponsorship,,2,Taipei,臺北市,TW,25.0398,121.5004,https://tdtb.org,"[2024] Students at the school for the visually impaired told the team they usually get audiobooks from the DAISY Library and hoped the team's dengue audiobook would be available there. The team contacted the Taiwan Digital Talking Book Association to publish it. According to the iGEM attributions, the association (listed as a sponsor) helped convert the audiobooks into compatible formats and upload them to the DAISY library.
[2025] The team's trilingual (Traditional Chinese, English, Japanese) audiobook on microplastic pollution (""Bubbles and the Deep Blue Garden"" / 《小魚逃亡記：微塑膠風波》) was published through TDTB, a non-profit platform giving free audio materials to students with disabilities, reading difficulties or limited access to print. TDTB is listed as a sponsor on the Attributions form.","[2024] 視障學校的學生告訴團隊，他們平常透過DAISY有聲書圖書館取得有聲書，希望團隊的登革熱有聲書也能放上去。團隊因此聯繫台灣數位有聲書推展學會洽談上架。依iGEM貢獻表記載，該學會（列為贊助單位）協助將有聲書轉成相容格式並上傳到DAISY圖書館。
[2025] 團隊以繁中、英文、日文三語製作的微塑膠有聲書（Bubbles and the Deep Blue Garden／《小魚逃亡記：微塑膠風波》）透過台灣數位有聲書推展學會發行；該會是非營利平台，免費提供有聲資源給身心障礙、閱讀困難或難以取得紙本資料的學生。致謝表將其列為贊助單位。","[2024] The dengue audiobook became accessible to visually impaired readers nationwide through an established platform.
[2025] Made the team's educational content accessible to visually impaired learners and other underserved audiences.","[2024] 登革熱有聲書透過既有平台，讓全國視障讀者都能取得。
[2025] 讓團隊的教育內容能觸及視障學習者與其他資源不足的族群。",https://2024.igem.wiki/gems-taiwan/inclusivity https://2025.igem.wiki/gems-taiwan/inclusivity,high
jo-hwa-li,Chief Jo-Hwa Li,財團法人紡織產業綜合研究所,Chief (Section Chief),組長,Taiwan Textile Research Institute (TTRI),財團法人紡織產業綜合研究所,,,research,Textile circularity in Taiwan; industrial textile technology; ISO-based environmental assessment,臺灣紡織循環；紡織產業技術；以 ISO 標準進行環境評估,2025,consultation; interview,,1,New Taipei City,新北市,TW,24.9846,121.4513,https://www.ttri.org.tw,"[2025] The team interviewed Chief Li Jo-Hwa of TTRI (a government-funded textile research institute) to understand the landscape of textile circularity in Taiwan. She urged the team to quantify environmental impact with ISO standards, to benchmark TfCut2 against enzymes such as LCC and highlight its ability to act on PET and mixed polymers, warned that coatings and finishes (e.g. wrinkle resistance, laminated films) are major recycling barriers, and explained that the spinnability of regenerated PET depends on monomer purity. She also recommended researchers and institutions for further outreach; she is credited as an External Advisor on the Attributions form.",[2025] 團隊訪談紡織所（政府捐助成立的紡織研究機構）李組長，了解臺灣紡織循環的現況。她建議以 ISO 標準量化環境影響、將 TfCut2 與 LCC 等酵素比較並強調其可作用於 PET 與混合聚合物，提醒防皺、貼合膜等塗層與後整理是回收的主要障礙，並說明再生 PET 的可紡性取決於單體純度。她也推薦了可進一步聯繫的研究人員與機構，並在致謝表中列為外部顧問。,"[2025] Reinforced the need for rigorous (ISO-based) environmental assessment, broadened the enzymatic targets to multiple polymer types, and pushed the team to consider enzyme adaptations for coated or treated textiles.",[2025] 強化團隊進行嚴謹（ISO 標準）環境評估的需求，將酵素目標擴大到多種聚合物，並促使團隊思考如何調整酵素以處理有塗層或經處理的布料。,https://2025.igem.wiki/gems-taiwan/human-practices,high
nai-yun-liang,Dr. Nai-Yun Liang,財團法人紡織產業綜合研究所,"Deputy Director, Department of Raw Materials and Fibers",原料與纖維部門副處長,Taiwan Textile Research Institute (TTRI),財團法人紡織產業綜合研究所,Department of Raw Materials and Fibers,原料與纖維相關部門,research,"Textile fibres and raw materials; textile recycling routes (physical, chemical, biological); nanocellulose from cotton waste",紡織纖維與原料；紡織品回收途徑（物理、化學、生物）；棉廢料製奈米纖維素,2025,conference; consultation; interview,2025-06-12,1,New Taipei City,新北市,TW,24.9846,121.4513,https://www.ttri.org.tw,"[2025] The team met Dr. Liang, Deputy Director of TTRI's Department of Raw Materials and Fibers, to discuss PET-cotton blend degradation. He advised that blends should be separated into PET and cotton before processing, that additives such as flame retardants block both chemical and enzymatic recycling, contrasted biological, physical and chemical recycling routes, and pointed out that cotton waste can be valorised as nanocellulose. The Attributions page adds that he supplied fabric samples with defined PET/cotton ratios for lab benchmarking. He later spoke on the expert panel at the team's Dadaocheng sustainability event, explaining why sustainable clothing costs more and the problem of textile overproduction.",[2025] 團隊拜訪紡織所原料與纖維部門副處長梁博士，討論 PET／棉混紡布的降解。他建議混紡布應先分離 PET 與棉再處理，指出阻燃劑等添加物會阻礙化學與酵素回收，比較了生物、物理與化學回收途徑，並提到棉廢料可轉製為奈米纖維素。致謝頁另載明他提供不同 PET／棉比例的布料樣品供實驗室比對。之後他也在團隊於大稻埕舉辦的永續活動座談中擔任講者，說明永續服飾較貴的原因以及衣物過度生產的問題。,[2025] Reminded the team to design against industrial benchmarks (consistent purity and durability) and to position the enzyme as one component of a scalable multi-method recycling framework rather than a standalone solution; also highlighted by-product value such as nanocellulose. His public talk was used to address economic and psychological barriers found in the street survey.,[2025] 提醒團隊以產業標準（穩定的純度與耐久度）為設計基準，並把酵素系統定位為可擴大規模之多重回收架構中的一環，而非單獨解方；也讓團隊看到奈米纖維素等副產物的價值。他的公開演講被用來回應街訪中發現的經濟與心理障礙。,https://2025.igem.wiki/gems-taiwan/human-practices,high
textile-exchange,Textile Exchange,,,,Textile Exchange,,,,ngo,Global non-profit on sustainable fibres and materials; circularity reports,推動永續纖維與材料的國際非營利組織；循環相關報告,2025,feedback,,1,"Lamesa, TX",德州拉梅薩,US,32.7376,-101.951,https://textileexchange.org,"[2025] Only in the draft Human Practices document: Textile Exchange shared insights for the project, stressing that major system-level gaps remain in recycling PET/cotton blends, pointing the team to its Future of Synthetics and Scaling Circularity reports, and noting technical limitations and fibre contamination as challenges for enzyme-based recycling. This passage does not appear on the published page.",[2025] 僅見於人類實踐草稿：Textile Exchange 提供意見，強調 PET／棉混紡回收仍有重大系統性缺口，推薦團隊參考其 Future of Synthetics 與 Scaling Circularity 報告，並指出技術限制與纖維汙染是酵素回收的挑戰。此段未出現在正式發布的頁面。,,,https://2025.igem.wiki/gems-taiwan/human-practices,low
twine,Twine,繭裹子,,,Twine,繭裹子,,,industry,Fair-trade and sustainable fashion; natural materials; recycled sari collections,公平貿易與永續時尚；天然材質；回收紗麗系列,2025,collaboration; interview,2025-06-12,1,Taipei,臺北市,TW,25.0612,121.5098,https://www.twine.tw,"[2025] The team met Twine (繭裹子), a Taiwanese fair-fashion brand, mainly to invite it to the Dadaocheng public-engagement event. Twine explained that its functional wear uses recycled materials from suppliers such as Singtex rather than in-house recycling, that it sees regeneration as a future direction, and that labour cost and market acceptance are major barriers to large-scale textile recycling. Twine then ran its own pop-up booth selling products at the Dadaocheng sustainability fair.",[2025] 團隊與臺灣公平時尚品牌繭裹子會談，主要是邀請其參加大稻埕的公眾參與活動。繭裹子說明其機能服飾使用興采等供應商的再生材料而非自行回收，視再生為未來方向，並指出人力成本與市場接受度是大規模紡織回收的主要障礙。之後繭裹子在大稻埕永續市集設立快閃攤位販售商品。,"[2025] Successfully brought Twine into the Dadaocheng event to show the public affordable, durable sustainable products; also taught the team about cost control and communicating sustainability to customers.",[2025] 成功邀請繭裹子參與大稻埕活動，向民眾展示平價耐用的永續商品；也讓團隊了解成本控制與向顧客傳達永續價值的挑戰。,https://2025.igem.wiki/gems-taiwan/human-practices,high
uwe-t-bornscheuer,Prof. Uwe T. Bornscheuer,格來斯瓦德大學,Professor,教授,University of Greifswald,格來斯瓦德大學,Department of Biotechnology and Enzyme Catalysis,生物技術與酵素催化系,academia,Enzyme engineering; enzymatic PET recycling and polymer degradation,酵素工程；PET 酵素回收與聚合物降解,2025,consultation; interview,2025-05-28,1,Greifswald,格來斯瓦德,DE,54.0947,13.407,https://www.uni-greifswald.de,"[2025] The team presented its enzymatic textile-degradation strategy to Prof. Bornscheuer, who has collaborated with industrial players including Carbios. He suggested replacing TfCut2 with LCC or its variants, warned against a one-pot TfCut2 + cellulase system because of incompatible optima and TPA inhibition of cellulase, proposed degrading PET first and cellulose separately, recommended E. coli SHuffle expression and strong buffers for pH stability, flagged mixing at scale and advised against immobilisation, and urged prioritising physical pretreatment and proof-of-concept results.",[2025] 團隊向曾與 Carbios 等業者合作的 Bornscheuer 教授報告酵素降解布料的策略。他建議以 LCC 或其變異株取代 TfCut2，提醒不要把 TfCut2 與纖維素酶放在同一反應槽（最適條件不同且 TPA 會抑制纖維素酶），建議先降解 PET 再另外處理纖維素；也建議用 E. coli SHuffle 表現並以強緩衝液維持 pH，提醒放大時的混合問題、不建議固定化酵素，並要團隊優先做物理前處理與概念驗證。,"[2025] Redirected enzyme selection toward industrially relevant candidates, shaped a sequential rather than combined workflow, and brought stability controls and scale-up considerations into the design early, with emphasis on proof-of-concept results.",[2025] 使酵素選擇轉向更具產業意義的候選，流程改為分段而非同槽，並及早納入穩定性控制與放大考量，著重概念驗證成果。,https://2025.igem.wiki/gems-taiwan/human-practices,high
yinjie-tang,Prof. Yinjie Tang,聖路易斯華盛頓大學,Professor,教授,Washington University in St. Louis,聖路易斯華盛頓大學,"Department of Energy, Environmental & Chemical Engineering",能源、環境與化學工程系,academia,Microbial bioproduction; engineered yeast and cyanobacteria; fermentation; machine learning for strain development,微生物生物生產；酵母與藍綠菌工程；發酵；以機器學習優化菌株,2025,consultation; interview,2025-04-26,1,St. Louis,聖路易斯,US,38.6488,-90.3108,https://engineering.wustl.edu,"[2025] In a Google Meet session, Prof. Tang gave feedback on the enzyme-production design and on microbial upcycling of TPA and EG. He warned that enzyme expression is slow and hard to scale, validated CAPCO treatment as a fast PET hydrolysis step, strongly recommended cell-free expression, noted E. coli's double membrane hinders secretion, advised not over-purifying enzymes, suggested testing TfCut and MHETase separately on PET and textiles and checking stability and pretreatment interference, and recommended partnering with teams able to do LCA or cost analyses.",[2025] 唐教授透過 Google Meet 針對酵素生產設計及 TPA、EG 的微生物升級再造提供意見。他提醒酵素表現耗時且難以放大，肯定 CAPCO 處理是快速的 PET 水解方法，強烈建議採用無細胞表現系統，指出大腸桿菌雙層膜不利分泌，建議不要過度純化酵素，並建議分別測試 TfCut 與 MHETase 對 PET 與布料的效果、檢查穩定性與前處理的干擾，也建議與能做生命週期或成本分析的團隊合作。,"[2025] Prompted the team to consider cell-free expression, reconsider reliance on E. coli hosts, shift toward sequential enzyme testing, and evaluate realistic purification and stability requirements.",[2025] 促使團隊考慮無細胞表現、重新評估對大腸桿菌宿主的依賴，改為分別測試各酵素，並實際評估純化與穩定性需求。,https://2025.igem.wiki/gems-taiwan/human-practices,high
xinyi-realty,Xinyi Realty,信義房屋,,,Xinyi Realty,信義房屋,,,industry,Real estate; community engagement,不動產仲介；社區參與,2025,collaboration,2025-06-12,1,Taipei,臺北市,TW,25.0375,121.5637,https://www.sinyi.com.tw,"[2025] The Education page lists Xinyi Realty, together with Story Wear and Twine, as a collaborator in organising the Dadaocheng sustainability fair featuring interactive booths, DIY workshops and an expert panel on circular fashion. No further details of its role are given.",[2025] 教育頁面列出信義房屋與 Story Wear、繭裹子共同協辦大稻埕永續市集，活動包含互動攤位、DIY 工作坊與循環時尚專家座談。頁面未進一步說明其角色。,,,https://2025.igem.wiki/gems-taiwan/education,low
yifang-elementary-school-education,Yifang Elementary School,新北市瑞芳區義方國民小學,,,Yifang Elementary School,新北市瑞芳區義方國民小學,,,education,Rural school with fewer than 200 students,學生不到 200 人的偏鄉小學,2025,education,,1,New Taipei City,新北市,TW,25.108,121.808,,"[2025] The team visited Yifang Elementary School in rural Ruifang District and taught about 38 fifth- and sixth-grade students about climate change and textile waste. Because the school had no lab, the team used simple demonstrations, interactive presentations and games.",[2025] 團隊前往瑞芳區偏鄉的義方國小，為約 38 名五、六年級學生講授氣候變遷與紡織廢棄物議題。由於學校沒有實驗室，團隊改用簡單示範、互動簡報與遊戲。,[2025] Brought climate and textile-waste education to a rural school so rural voices are included.,[2025] 將氣候與紡織廢棄物教育帶到偏鄉學校，讓偏鄉的聲音也能被納入。,https://2025.igem.wiki/gems-taiwan/inclusivity,high
yonghe-junior-high-school-education,Yonghe Junior High School,新北市立永和國民中學,,,Yonghe Junior High School,新北市立永和國民中學,,,education,Junior high school students,國中生,2024; 2025,education; survey; workshop,2025-06-12,2,New Taipei City,新北市,TW,25.0085,121.515,,"[2024] The team taught Grade 9 students synthetic biology and dengue: a blueberry DNA extraction experiment, CRISPR, BioBricks, PCR, gel electrophoresis and cloning, GM foods and their ethics, dengue and the team's beetroot-geosmin ovitrap with Cyt2Ba, and an introduction to iGEM. The students had already learned some of the material, so the team raised the difficulty for later high school classes.
[2025] In partnership with Yonghe Junior High, the team taught synthetic biology and textile waste through an introduction to iGEM and synbio, a fast-fashion and microplastics discussion, a 5R brainstorming activity, an enzyme lesson with a hands-on potato catalase lab, and a Kahoot quiz, with KAP pre- and post-surveys.","[2024] 團隊為九年級學生講授合成生物學與登革熱：藍莓DNA萃取實驗、CRISPR、BioBrick、PCR、膠體電泳與基因選殖、基改食品及其倫理議題、登革熱與團隊結合甜菜根土臭素與Cyt2Ba的誘卵器，並介紹iGEM。 部分內容學生已經學過，團隊因此提高了之後高中課程的難度。
[2025] 團隊與永和國中合作，透過 iGEM 與合成生物學介紹、快時尚與微塑膠討論、5R 腦力激盪、酵素課程與馬鈴薯過氧化氫酶實作，以及 Kahoot 測驗教授合成生物學與紡織廢棄物議題，並以 KAP 前後測評估。","[2024] 90% of the junior high and high school students reported a positive impact. Many who were wary of GMOs became curious, and some said they were interested in careers in synthetic biology.
[2025] Knowledge of textile-pollution causes rose from about 10% to 95% and understanding of enzyme activity from about 12% to 100%; some students asked how to join science fairs or iGEM.","[2024] 90%的國高中學生表示課程對自己有正面影響；許多原本對基改抱持疑慮的學生轉而感到好奇，也有學生表示有興趣投入合成生物學相關職涯。
[2025] 學生對紡織污染成因的理解約由 10% 提升至 95%，對酵素活性的理解約由 12% 提升至 100%；部分學生詢問如何參加科展或 iGEM。",https://2024.igem.wiki/gems-taiwan/education https://2025.igem.wiki/gems-taiwan/education,medium
inblooom,inBlooom,印花樂,,,inBlooom,印花樂,,,industry,B Corp-certified Taiwanese design brand; sustainable materials; community-based production empowering women,獲 B 型企業認證的臺灣設計品牌；永續材料；以社區生產培力女性,2025,collaboration; interview,2025-06-12,1,Taipei,臺北市,TW,25.0569,121.5098,https://www.inblooom.com,"[2025] The team conducted an in-depth interview with inBlooom, a brand founded in 2008 by three women in Dadaocheng and B Corp certified in 2022, about its business philosophy, sustainable practices, the path to B Corp certification and balancing profitability with social and environmental goals. According to the draft HP page and the Entrepreneurship page, inBlooom also worked with the team at the Dadaocheng community event, jointly hosting activities and information booths on sustainable fashion and community empowerment.",[2025] 團隊深入訪談 2008 年由三位女性在大稻埕創立、2022 年取得 B 型企業認證的品牌印花樂，了解其經營理念、永續做法、取得 B 型企業認證的過程，以及如何兼顧獲利與社會、環境目標。依 HP 草稿與創業頁所述，印花樂也在大稻埕社區活動中與團隊合作，共同舉辦永續時尚與社區培力的活動及資訊攤位。,"[2025] Turned the enzyme concept into an adoption strategy: prioritise low-cost everyday products, tie governance to B Corp values, partner with NGOs for community empowerment, and set pilot KPIs (test SKUs from monomers, purity/yield, cost vs bottle-rPET, LCA, fair-wage share).",[2025] 將酵素構想轉化為推廣策略：優先發展平價日常產品、以 B 型企業價值治理、與 NGO 合作培力社區，並訂出試點 KPI（以單體製成的測試品項、純度／產率、與瓶回收 rPET 的成本比較、生命週期評估、公平薪資比例）。,https://2025.igem.wiki/gems-taiwan/human-practices,medium
charissa-kuo,Charissa Kuo,,,,,,,,community,Visual design / illustration,視覺設計／插畫,2024,collaboration,,1,,,TW,,,,"[2024] Listed in the iGEM attributions as an external collaborator, Charissa helped digitize the wiki homepage design and made it more appealing by working student drawings into the layout.",[2024] iGEM貢獻表將她列為外部合作者。她協助將維基首頁設計數位化，並把學生的繪畫融入版面，讓首頁更吸睛。,[2024] She contributed to the visual design of the team wiki homepage.,[2024] 她參與了團隊維基首頁的視覺設計。,https://2024.igem.wiki/gems-taiwan/attributions,medium
ling-wong,Dr. Ling Wong,,"Scientist, entrepreneur and investor",科學家、創業家暨投資人,,,,,industry,Venture investment; health technology; entrepreneurship,創業投資；健康科技；創業,2024,consultation; interview,2024-08-17,1,,,US,,,,"[2024] On 17 August 2024 the team met Dr. Wong, a scientist, entrepreneur and investor who has worked on several $1B+ investments and exits, to get feedback on its business model and hardware. She stressed consumer-friendly design (size, looks, instruction manual) and product-market fit before scaling up in developing countries, and suggested making the manual clearer and improving the trap's appearance.",[2024] 2024年8月17日，團隊與曾參與多家十億美元級企業投資與出場的科學家、創業家暨投資人Ling Wong博士會面，請教商業模式與硬體設計。她強調產品要對消費者友善（尺寸、外觀、說明書設計），在開發中國家擴大規模前也要先確認產品與市場契合，並建議把說明書寫得更清楚、改善誘卵器外觀。,[2024] The team revised the user manual and made the product more user-friendly and a better market fit.,[2024] 團隊修訂了使用說明書，讓產品更好用，也更貼近市場需求。,https://2024.igem.wiki/gems-taiwan/human-practices,medium
jin-sheng-chen,Prof. Emeritus Jin-Sheng Chen,陳錦生 名譽教授,"Professor Emeritus; Chief Consultant, National Mosquito-Borne Diseases Control Research Center",名譽教授；國家蚊媒傳染病防治研究中心首席顧問,Chang Jung Christian University,長榮大學,,,academia,Medical entomology; mosquito ecology and vector control; dengue prevention,醫學昆蟲學；蚊蟲生態與病媒防治；登革熱防治,2024,conference; consultation; interview; mentorship,2024-07-02; 2024-08-08,1,Tainan,臺南市,TW,22.9078,120.2723,https://www.cjcu.edu.tw,"[2024] The team met Prof. Chen before finalizing its topic and interviewed him on 2 July 2024 to present the project idea and get input on its technical direction. He stressed continuous vector-control research and advised on testing the recombinant proteins and sticky ovitrap, suggesting bioassays to prove biolarvicide toxicity. He also referred the team to other mosquito experts, and on 8 August he gave a talk on the application of AI in mosquito control at the team's Dengue Day event, where he praised the project, including Taiwan's first gravitrap.",[2024] 團隊在確定題目前即與陳教授會面，並於2024年7月2日訪談他，說明專題構想並請教技術方向。他強調持續投入病媒防治研究的重要性，針對重組蛋白與黏蚊誘卵器的效果測試提供建議，並建議以多種生物檢定證明生物殺幼蟲劑的毒性。他也為團隊引介其他蚊蟲研究專家，並於8月8日在團隊舉辦的「登革熱日」演講「人工智慧在蚊蟲防治上的應用」，肯定本專題的可行性，以及團隊做出的臺灣首個誘殺產卵桶（gravitrap）。,[2024] His advice shaped the team's research direction and the bioassays used to validate the recombinant biolarvicidal proteins and the sticky ovitrap. His Dengue Day talk added expert content to the team's public education.,[2024] 他的建議影響了團隊的研究方向，也決定了用來驗證重組生物殺幼蟲蛋白與黏蚊誘卵器的生物檢定。他在登革熱日的演講則為團隊的公眾教育增添專業內容。,https://2024.igem.wiki/gems-taiwan/human-practices,high
k-c-kong,Mr. K. C. Kong,Cytomics Sdn. Bhd.,CEO,執行長,Cytomics Sdn. Bhd.,Cytomics Sdn. Bhd.,,,industry,"Biotech services (mass spectrometry, extracellular vesicles, protein assays); bio-entrepreneurship",生技研究服務（質譜、胞外囊泡、蛋白質分析）；生技創業,2024,consultation; interview,2024-07-05,1,"Cyberjaya, Selangor",雪蘭莪州賽城,MY,2.9213,101.6559,,"[2024] On 5 July 2024 the team asked Mr. Kong, CEO of the Malaysian biotech company Cytomics, how to get stakeholders to invest in its product, how to promote biotech products, and about pest control in Taiwan. He said to first identify the problem and the demand for a solution, that the product has to be affordable (lower cost while keeping performance), and that countries where dengue is more common could be the main market.",[2024] 2024年7月5日，團隊請教馬來西亞生技公司Cytomics執行長Kong先生，如何說服利害關係人投資產品、如何推廣生技產品，以及臺灣的病媒防治情況。他指出應先釐清問題本身與市場需求，產品必須價格親民（壓低成本並維持效能），也可將登革熱較普遍的國家當作主要市場。,"[2024] The team decided to redesign its ovitrap to cut costs before promoting it, and later created the low-cost Pennytrap.",[2024] 團隊決定先重新設計誘卵器以降低成本再對外推廣，之後也發展出低成本的Pennytrap。,https://2024.igem.wiki/gems-taiwan/human-practices,medium
yew-ling-chan,Ms. Yew-Ling Chan,Fumakilla Malaysia Berhad,"General Manager, Research & Development",研發部總經理,Fumakilla Malaysia Berhad,Fumakilla Malaysia Berhad,,,industry,Insecticide R&D and commercialization; vector control products; marketing,殺蟲劑研發與商品化；病媒防治產品；行銷,2024,consultation; interview,2024-07-04,1,"Perai, Penang",檳城北海（Perai）,MY,5.362,100.403,https://fumakilla.com.my,"[2024] On 4 July 2024 the team talked with Ms. Chan, R&D General Manager at the multinational insecticide maker Fumakilla Malaysia, about ovitrap design, vector control, marketing and a customer-centred view of the product, including field use of the recombinant proteins as larvicides. She said the synbio system and its hardware must be user-friendly to sell. She walked the team through insecticide R&D from bench to market: running proper biolarvicidal assays, registering compounds with local regulators, doing market surveys, and educating consumers.",[2024] 2024年7月4日，團隊與跨國殺蟲劑製造商Fumakilla馬來西亞公司研發部總經理Chan女士討論誘卵器設計、病媒防治、行銷，以及以顧客為中心的產品思維，也談到將重組蛋白當作殺幼蟲劑實際使用的潛力。她指出，合成生物系統與硬體必須容易使用才賣得出去。她也說明殺蟲劑從實驗室到上市的研發流程：確實進行生物殺幼蟲試驗、向當地主管機關登記化合物、做市場調查，以及教育消費者。,"[2024] The team wrote a detailed instruction manual for the Beeter Trap and a usage guide for MosBeeter, and discussed marketing the product in dengue-endemic countries in its entrepreneurship plan.",[2024] 團隊為Beeter Trap撰寫詳細使用說明書，也為MosBeeter編寫使用指南，並在創業計畫中討論將產品推向登革熱流行國家。,https://2024.igem.wiki/gems-taiwan/human-practices,medium
household-field-trial-volunteers-community,Household field-trial volunteers (Taipei City),居家試用志願者（臺北市）,,,Household field-trial volunteers (Taipei City),居家試用志願者（臺北市）,,,community,End users of the sticky ovitrap,黏蚊誘卵器的終端使用者,2024,feedback; survey,2024-08; 2024-09,1,Taipei,臺北市,TW,25.033,121.5654,,"[2024] Of 342 respondents to the team's general hardware questionnaire, 84 agreed to a one-week home trial of Prototype 2 (without biolarvicidal proteins). The team confirmed 10 volunteers across Taipei, each testing for a week between 3 August and 28 September; with team members' households and consenting relatives, there were 40 participants. Each got the trap, sticky paper and a manual, and was randomly assigned to use water only or water with beetroot peel powder, then answered a follow-up survey.",[2024] 在團隊硬體問卷的342份回覆中，有84人同意在家試用第二代原型（不含生物殺幼蟲蛋白）一週。團隊最後確認臺北市各區10位志願者，於8月3日至9月28日間各試用一週；加上團隊成員家中及同意參與的親友，共有40位參與者。每人都拿到誘卵器、黏蚊紙與說明書，並隨機分為只加水組與加甜菜根皮粉組，試用後填寫回饋問卷。,"[2024] Trial users mostly commented on the trap's appearance. Together with the survey results (size, manual clarity, acceptable price under NT$800), this feedback led to the 3D-printed Prototype 3 and a revised manual.",[2024] 試用者的意見多集中在誘卵器外觀；這些回饋加上問卷結果（尺寸、說明書是否清楚、可接受價格在800元以下），促成了3D列印的第三代原型與修訂版說明書。,https://2024.igem.wiki/gems-taiwan/hardware,medium
kindergarten-preschool-class-education,Kindergarten / preschool class,幼兒園班級,,,Kindergarten / preschool class,幼兒園班級,,,education,,,2024,education,,1,,,TW,,,,"[2024] The team taught preschoolers about dengue by reading the CDC children's story ""Kiki Fights Dengue Fever"", playing a dengue vocabulary card game (slap the mosquito card, read the word cards aloud), and having the children color mosquitoes while learning the features of Aedes mosquitoes. The card sets were left with the kindergarten teachers for review in later lessons.",[2024] 團隊為幼兒園孩童上登革熱課程：朗讀疾管署童書《奇奇對抗登革熱》、玩登革熱英文單字卡牌遊戲（看到蚊子卡就拍、看到單字卡就唸出來），並讓孩子一邊認識斑蚊特徵一邊替蚊子著色。卡牌留給幼兒園老師，供日後複習使用。,"[2024] The children learned to tell Aedes mosquitoes apart from other mosquitoes, which responds to the survey finding that many people don't know Aedes carries dengue. Teachers kept the card game as a review tool.",[2024] 孩子們學會分辨斑蚊與其他蚊子，回應了問卷中許多民眾不知道斑蚊會傳播登革熱的結果；老師也保留卡牌遊戲作為複習工具。,https://2024.igem.wiki/gems-taiwan/education,low
kun-hsien-tsai,Prof. Kun-Hsien Tsai,蔡坤憲 教授,"Professor & Associate Dean, College of Public Health",教授兼公共衛生學院副院長,National Taiwan University,國立臺灣大學,"College of Public Health, Institute of Environmental and Occupational Health Sciences",公共衛生學院 環境與職業健康科學研究所,academia,Medical entomology; vector control; vector-borne diseases; public health,醫學昆蟲學；病媒管制；蟲媒傳染病；公共衛生,2024,conference; consultation; interview; lab-visit; mentorship,2024-07-02; 2024-08-08,1,Taipei,臺北市,TW,25.0408,121.5199,https://coph.ntu.edu.tw,"[2024] On 2 July 2024 the team presented its research plan, aims and challenges to Prof. Tsai and asked him about the project's technical side. He talked about medical entomology research and the future of synthetic biology in Taiwan, and advised on research design, including comparing experimental and control groups and setting clear variables and constants. According to the iGEM attributions, he also supplied resources for the lab work: team members went to NTU to pick up mosquitoes, and the oviposition assays used an NTU College of Public Health Aedes albopictus lab strain. On 8 August he spoke on eco-friendly approaches to dengue control at Dengue Day.",[2024] 2024年7月2日，團隊向蔡教授說明研究計畫、目標與遇到的困難，並請教專題的技術面。他分享了醫學昆蟲學研究與臺灣合成生物學的未來發展，並就研究設計給予建議，包括比較實驗組與對照組、設定明確的變因與常數。依iGEM貢獻表記載，他也提供實驗所需資源：團隊成員到臺大領取蚊子，產卵試驗使用的是臺大公衛學院的白線斑蚊實驗室品系。8月8日，他在登革熱日演講「友善環境的登革熱防治方法」。,"[2024] His advice made the team's experimental design more rigorous (control groups, defined variables), and the mosquitoes his group supplied made the beetroot oviposition and ovitrap functional assays possible. The journal club also discussed his view that AI could be built into ovitraps.",[2024] 他的建議讓實驗設計更嚴謹（設置對照組、明確定義變因），他的研究團隊提供的蚊子則讓甜菜根產卵試驗與誘卵器功能試驗得以進行。期刊討論會也探討了他認為可在誘卵器中導入AI的看法。,https://2024.igem.wiki/gems-taiwan/human-practices,high
school-for-the-visually-impaired-education,School for the visually impaired,視障學校,,,School for the visually impaired,視障學校,,,education,,,2024,education; feedback,,1,,,TW,,,,"[2024] The team taught visually impaired students about DNA, genes, plasmids and recombinant DNA technology and introduced its dengue project. Students used touch: a double-helix model, a clay plasmid model with a swappable insert, and the gravitrap prototypes. The team also used its audiobook and braille comic book. A Q&A and feedback session followed, and students suggested making the audiobook available through the DAISY Library.",[2024] 團隊為視障學生講解DNA、基因、質體與重組DNA技術，並介紹登革熱專題。學生透過觸覺學習：雙股螺旋模型、可替換片段的黏土質體模型，以及誘殺產卵桶原型。團隊也使用自製的有聲書與點字漫畫。課後的問答與回饋時間中，學生建議將有聲書放上DAISY有聲書圖書館。,[2024] Student feedback led the team to contact the Taiwan Digital Talking Book Association and put its audiobook on the DAISY Library. The team also plans to work with a braille printing company to produce more braille comic books.,[2024] 學生的回饋促使團隊聯繫台灣數位有聲書推展學會，將有聲書上架到DAISY圖書館；團隊也計畫與點字印刷公司合作，印製更多點字漫畫。,https://2024.igem.wiki/gems-taiwan/inclusivity,low
igem-hkssc,HKSSC,HKSSC,iGEM team,iGEM 隊伍,"St. Stephen's College, Hong Kong",香港聖士提反書院,,,igem,iGEM high-school team; Cantonese translation,iGEM高中隊伍；粵語翻譯,2024,collaboration,,1,Hong Kong,香港,HK,22.2176,114.2127,https://2024.igem.wiki/hkssc,"[2024] As part of reaching out to other iGEM teams, GEMS Taiwan sent the English version of its dengue audiobook to team HKSSC and asked them to translate it into Cantonese. The Cantonese version is on the GEMS_Taiwan YouTube channel.",[2024] GEMS Taiwan在主動聯繫其他iGEM隊伍時，將登革熱有聲書的英文版寄給HKSSC隊，請他們翻譯成粵語。粵語版已上架至GEMS_Taiwan的YouTube頻道。,"[2024] The audiobook now reaches Cantonese speakers, and the collaboration strengthened ties within the iGEM community.",[2024] 有聲書因此能觸及粵語使用者，也加深了與iGEM社群的連結。,https://2024.igem.wiki/gems-taiwan/inclusivity,high
c-jason-wang,Prof. C. Jason Wang,王智弘 教授,"Professor of Pediatrics and of Health Policy; Director, Center for Policy, Outcomes and Prevention",兒科與衛生政策教授；政策、成果與預防中心主任,Stanford University,史丹佛大學,"Center for Policy, Outcomes and Prevention (CPOP)",政策、成果與預防中心（CPOP）,academia,Pandemic preparedness; health policy; healthcare value and delivery innovation,大流行防範；衛生政策；醫療價值與照護創新,2024,consultation; interview,2024-08-02,1,"Stanford, CA",加州史丹佛,US,37.4275,-122.1697,https://healthpolicy.fsi.stanford.edu/research/center-policy-outcomes-and-prevention-cpop,"[2024] On 2 August 2024 the team asked Prof. Wang how to implement the project globally and why it matters there. He said that to help dengue-affected countries beyond Taiwan, the team must lower the production cost of its synbio and hardware system. He pointed them to Stanford's Design for Extreme Affordability course and asked them to apply its ideas to Dengue Beeters.",[2024] 2024年8月2日，團隊請教王智弘教授，如何在全球推動本專題以及其意義。他指出，若要幫助臺灣以外受登革熱影響的國家，必須降低合成生物系統與硬體的生產成本。他向團隊介紹史丹佛的「極致平價設計」（Design for Extreme Affordability）課程，請團隊將其理念應用在Dengue Beeters上。,"[2024] The team developed the Pennytrap, a low-cost gravid trap for underdeveloped and dengue-endemic countries, and reworked Prototype 3 around cost-effectiveness.",[2024] 團隊開發出適用於低度開發與登革熱流行國家的低成本誘蚊產卵器Pennytrap，並以成本效益為核心改良第三代原型。,https://2024.igem.wiki/gems-taiwan/human-practices,high
stanley-norman-cohen,Prof. Stanley Norman Cohen,史丹佛大學,Professor (pioneer of recombinant DNA cloning),教授（重組DNA選殖技術先驅）,Stanford University,史丹佛大學,"School of Medicine, Department of Genetics",醫學院 遺傳學系,academia,Recombinant DNA; gene cloning; genetic engineering,重組DNA；基因選殖；基因工程,2024,consultation; interview,2024-07-11,1,"Stanford, CA",加州史丹佛,US,37.4275,-122.1697,https://med.stanford.edu/genetics.html,"[2024] On 11 July 2024 the team interviewed Prof. Cohen, who with Herbert Boyer first cloned DNA and moved genes between organisms, about the project concept, especially larvicidal toxins in a chromosome-free system. The team had started experiments in June and could not get the right sequence after transformation. He helped troubleshoot the procedures, shared cloning techniques and experience, and discussed why the project uses a chromosome-free system. The team also asked him how to teach the public about genetic engineering and about safety concerns in cloning.",[2024] 2024年7月11日，團隊訪談了與Herbert Boyer共同完成首次DNA選殖、將基因轉移至另一種生物的Cohen教授，請教專題構想，特別是在無染色體系統中表現殺幼蟲毒素的做法。團隊6月開始實驗，轉形後一直無法得到正確序列。他協助排查實驗流程，分享選殖技術與經驗，並討論專題使用無染色體系統的原因。團隊也請教他如何向大眾推廣基因工程知識，以及選殖時的安全考量。,[2024] His troubleshooting helped the wet lab fix its cloning and transformation problems and firm up the chromosome-free system approach.,[2024] 他的排錯建議幫助濕實驗組解決選殖與轉形問題，也讓團隊更確定採用無染色體系統的做法。,https://2024.igem.wiki/gems-taiwan/human-practices,medium
john-cumbers,Dr. John Cumbers,SynBioBeta,Founder & CEO,創辦人暨執行長,SynBioBeta,SynBioBeta,,,industry,Synthetic biology entrepreneurship; molecular biology; bio-startup ecosystem,合成生物學創業；分子生物學；生技新創生態系,2024,consultation; interview; mentorship; workshop,2024-07-06,1,San Francisco Bay Area,舊金山灣區,US,37.7749,-122.4194,https://www.synbiobeta.com,"[2024] On 6 July 2024 the team interviewed John Cumbers, molecular biologist and founder/CEO of SynBioBeta, to learn how to model the business and start a business plan. According to the attributions, he also visited the team's workspace and lab in July and gave a talk on current trends in synthetic biology. He suggested using pest-control companies as a distribution channel, charging them a subscription, offering paid trap maintenance, looking at other markets such as camping, drawing business model canvases for customers and pest-control companies, and collecting data to test assumptions and de-risk the company.",[2024] 2024年7月6日，團隊訪談分子生物學家、SynBioBeta創辦人暨執行長John Cumbers，請教如何建立商業模式、著手撰寫商業計畫。依貢獻表記載，他7月也親自參訪團隊的工作空間與實驗室，並演講合成生物學的最新趨勢。他建議以既有的除蟲公司作為通路、向其收取訂閱費、提供付費的誘卵器維護服務、開發露營等其他市場、分別為消費者與除蟲公司繪製商業模式圖，並蒐集數據驗證假設以降低創業風險。,"[2024] The entrepreneurship plan names pest-control companies as partners, includes a subscription and maintenance service model, and was built with a business model canvas.",[2024] 創業計畫將除蟲公司列為合作夥伴，加入訂閱與維護服務模式，並以商業模式圖建構。,https://2024.igem.wiki/gems-taiwan/human-practices,medium
taipei-city-da-an-district-da-an-elementary-school-education,Taipei City Da'an District Da'an Elementary School,臺北市大安區大安國民小學,,,Taipei City Da'an District Da'an Elementary School,臺北市大安區大安國民小學,,,education,,,2024,education,,1,Taipei,臺北市,TW,25.0197,121.553,https://www.taes.tp.edu.tw,"[2024] The team taught Grade 3 students a synthetic biology and dengue lesson: DNA, genes and cells explained with toy-block analogies for ATCG, dengue videos and Q&A games on symptoms and prevention, and a DIY DNA bracelet activity (Grade 3 students first did a base-pairing worksheet).",[2024] 團隊為三年級學生上合成生物學與登革熱課程：以積木比喻ATCG來講解DNA、基因與細胞，搭配登革熱影片與症狀、預防的問答遊戲，並帶學生動手做DNA手環（三年級學生先完成鹼基配對學習單）。,"[2024] Surveys across the four elementary schools: 95% of students clearly understood dengue symptoms, effects and prevention after the lesson (only 7% knew the details before), and 89% said they understood DNA and biology better. The team adjusted its lesson plan between schools.",[2024] 四所國小的課後問卷顯示，95%的學生清楚了解登革熱的症狀、影響與預防（課前僅7%了解細節），89%的學生表示對DNA與生物學更了解。團隊也在各校之間持續調整教案。,https://2024.igem.wiki/gems-taiwan/education,medium
taipei-city-xinyi-district-fude-elementary-school-education,Taipei City Xinyi District Fude Elementary School,臺北市信義區福德國民小學,,,Taipei City Xinyi District Fude Elementary School,臺北市信義區福德國民小學,,,education,,,2024,education,,1,Taipei,臺北市,TW,25.0387,121.582,https://www.fdps.tp.edu.tw,"[2024] The team taught Grade 5 students a synthetic biology and dengue lesson: DNA, genes and cells explained with toy-block analogies for ATCG, dengue videos and Q&A games on symptoms and prevention, and a DIY DNA bracelet activity (Grade 3 students first did a base-pairing worksheet). The adjustable knots used here were too hard for the students to tie, so the team switched to elastic thread for later schools.",[2024] 團隊為五年級學生上合成生物學與登革熱課程：以積木比喻ATCG來講解DNA、基因與細胞，搭配登革熱影片與症狀、預防的問答遊戲，並帶學生動手做DNA手環（三年級學生先完成鹼基配對學習單）。 由於這次使用的活結對學生來說太難綁，團隊之後到其他學校改用彈性線。,"[2024] Surveys across the four elementary schools: 95% of students clearly understood dengue symptoms, effects and prevention after the lesson (only 7% knew the details before), and 89% said they understood DNA and biology better. The team adjusted its lesson plan between schools.",[2024] 四所國小的課後問卷顯示，95%的學生清楚了解登革熱的症狀、影響與預防（課前僅7%了解細節），89%的學生表示對DNA與生物學更了解。團隊也在各校之間持續調整教案。,https://2024.igem.wiki/gems-taiwan/education,medium
taipei-city-xinyi-district-xing-ya-elementary-scho-education,Taipei City Xinyi District Xing Ya Elementary School,臺北市信義區興雅國民小學,,,Taipei City Xinyi District Xing Ya Elementary School,臺北市信義區興雅國民小學,,,education,,,2024,education,,1,Taipei,臺北市,TW,25.045,121.566,https://www.hyps.tp.edu.tw,"[2024] The team taught Grade 3–6 students a synthetic biology and dengue lesson: DNA, genes and cells explained with toy-block analogies for ATCG, dengue videos and Q&A games on symptoms and prevention, and a DIY DNA bracelet activity (Grade 3 students first did a base-pairing worksheet). Learning from Fude Elementary, the team used elastic thread here so the bracelets were easier to make.",[2024] 團隊為三至六年級學生上合成生物學與登革熱課程：以積木比喻ATCG來講解DNA、基因與細胞，搭配登革熱影片與症狀、預防的問答遊戲，並帶學生動手做DNA手環（三年級學生先完成鹼基配對學習單）。 團隊記取在福德國小的經驗，這次改用彈性線，讓手環更容易製作。,"[2024] Surveys across the four elementary schools: 95% of students clearly understood dengue symptoms, effects and prevention after the lesson (only 7% knew the details before), and 89% said they understood DNA and biology better. The team adjusted its lesson plan between schools.",[2024] 四所國小的課後問卷顯示，95%的學生清楚了解登革熱的症狀、影響與預防（課前僅7%了解細節），89%的學生表示對DNA與生物學更了解。團隊也在各校之間持續調整教案。,https://2024.igem.wiki/gems-taiwan/education,medium
taipei-municipal-yucheng-senior-high-school-education,Taipei Municipal Yucheng Senior High School,臺北市立育成高級中學,,,Taipei Municipal Yucheng Senior High School,臺北市立育成高級中學,,,education,,,2024,education,,1,Taipei,臺北市,TW,25.059,121.597,https://mars.yucsh.tp.edu.tw,"[2024] The team taught Grade 10–12 students synthetic biology and dengue: a blueberry DNA extraction experiment, CRISPR, BioBricks, PCR, gel electrophoresis and cloning, GM foods and their ethics, dengue and the team's beetroot-geosmin ovitrap with Cyt2Ba, and an introduction to iGEM. The lesson was made harder based on the Yonghe Junior High experience.",[2024] 團隊為高一至高三學生講授合成生物學與登革熱：藍莓DNA萃取實驗、CRISPR、BioBrick、PCR、膠體電泳與基因選殖、基改食品及其倫理議題、登革熱與團隊結合甜菜根土臭素與Cyt2Ba的誘卵器，並介紹iGEM。 團隊根據在永和國中的經驗調高了課程難度。,"[2024] 90% of the junior high and high school students reported a positive impact. Many who were wary of GMOs became curious, and some said they were interested in careers in synthetic biology.",[2024] 90%的國高中學生表示課程對自己有正面影響；許多原本對基改抱持疑慮的學生轉而感到好奇，也有學生表示有興趣投入合成生物學相關職涯。,https://2024.igem.wiki/gems-taiwan/education,medium
taiwan-centers-for-disease-control-ministry-of-hea,"Taiwan Centers for Disease Control, Ministry of Health and Welfare",衛生福利部疾病管制署,,,"Taiwan Centers for Disease Control, Ministry of Health and Welfare",衛生福利部疾病管制署,,,government,"National dengue prevention policy, surveillance and outbreak response",全國登革熱防治政策、監測與疫情應變,2024,consultation; interview,,1,Taipei,臺北市,TW,25.0427,121.5218,https://www.cdc.gov.tw,"[2024] The team met Taiwan CDC to learn about current dengue prevention strategies, challenges and possible collaboration. CDC described seasonal measures (May–November): removing standing water, TOCC history-taking by doctors, NS1 rapid tests, spraying in case areas, and tracking imported cases. It also described its dengue risk map, ovitrap trials with the National Mosquito-Borne Diseases Control Research Center in Tainan and Kaohsiung, international data sharing (Singapore, Japan, APEC), and community outreach. CDC said the trap design fits its strategy.",[2024] 團隊拜訪疾病管制署，了解現行登革熱防治策略、面臨的挑戰與可能的合作方向。疾管署說明5月至11月的主要措施：清除積水容器、醫師詢問TOCC病史、NS1快篩、病例區噴藥，以及追蹤境外移入病例。疾管署也介紹登革熱風險地圖、與國家蚊媒傳染病防治研究中心在臺南、高雄試行誘卵器監測、與新加坡、日本及APEC的國際資料交流，以及社區宣導做法，並認為團隊的誘卵器設計符合其防治策略。,"[2024] CDC suggested working with the National Mosquito-Borne Diseases Control Research Center to place traps in hot spots, adding local languages on social media, and evaluating traps in high-risk areas such as Kaohsiung. This led the team to put local schools and communities first.",[2024] 疾管署建議與國家蚊媒傳染病防治研究中心合作，在熱區布放誘卵器、在社群媒體加入在地語言，並到高雄等高風險地區評估誘卵器成效。團隊因此決定優先深耕在地學校與社區。,https://2024.igem.wiki/gems-taiwan/human-practices,high
gon-alo-martins-alves,Mr. Gonçalo Martins Alves,The MENTOR Initiative,Field Entomologist,田野昆蟲學家,The MENTOR Initiative,The MENTOR Initiative,,,ngo,"Integrated vector management (larviciding, source reduction) for malaria and dengue in crisis settings",危機地區瘧疾與登革熱的整合性病媒管理（殺幼蟲、孳生源清除）,2024,consultation; feedback; interview,2024-08-02,1,Haywards Heath,海沃茲希斯,GB,51.0005,-0.1036,https://mentor-initiative.org,"[2024] On 2 August 2024 the team asked Mr. Gonçalo, a field entomologist at The MENTOR Initiative (an NGO doing vector control in countries such as Angola, Mozambique, Nigeria, South Sudan and Venezuela), for feedback on the Beeter Trap and whether Dengue Beeters could scale. He described vector control in underdeveloped countries and urged eco-friendly, reusable, long-lasting materials to avoid plastic waste. He also recommended convenient, low-maintenance products and said recombinant larvicides will need more synthetic biology education.",[2024] 2024年8月2日，團隊請教The MENTOR Initiative（在安哥拉、莫三比克、奈及利亞、南蘇丹、委內瑞拉等國從事病媒防治的非政府組織）的田野昆蟲學家Gonçalo先生，對Beeter Trap的意見以及Dengue Beeters能否擴大規模。他分享在低度開發國家實地執行病媒防治的經驗，強調材料要環保、可重複使用且耐久，避免產生塑膠垃圾。他也建議產品要方便、少維護，並指出重組殺幼蟲劑的推廣需要更多合成生物學教育。,"[2024] The team decided to use beetroot peels from food waste and recycled plastics for the Pennytrap, focused Prototype 3 on sustainability, and did more synthetic biology education (e.g., Dengue Day).",[2024] 團隊決定以食物廢棄物中的甜菜根皮與回收塑膠製作Pennytrap，第三代原型以永續性為重點，並加強合成生物學教育（例如登革熱日）。,https://2024.igem.wiki/gems-taiwan/human-practices,high
van-lun-low,Assoc. Prof. Van Lun Low,馬來亞大學,Associate Professor,副教授,Universiti Malaya,馬來亞大學,Tropical Infectious Diseases Research & Education Centre (TIDREC),熱帶傳染病研究與教育中心（TIDREC）,academia,Dengue; vector control; insecticide resistance; tropical medicine,登革熱；病媒防治；殺蟲劑抗藥性；熱帶醫學,2024,consultation; interview,2024-07-18,1,Kuala Lumpur,吉隆坡,MY,3.1197,101.6544,https://www.tidrec.com,"[2024] On 18 July 2024 the team asked Assoc. Prof. Low, who sits on the Malaysian Ministry of Health's Technical Working Committee for Insecticide Resistance, about the practicality, research design and execution of its recombinant biolarvicidal protein project. He stressed cost-effectiveness, communication and the biosafety of the proteins. He suggested WHO-standard oviposition assays with different concentrations of beetroot peel powder and recombinant toxins, and the group discussed the biosafety of using recombinant proteins in the field.",[2024] 2024年7月18日，團隊請教Low Van Lun副教授——他是馬來西亞衛生部殺蟲劑抗藥性技術工作委員會成員——本專題重組生物殺幼蟲蛋白的可行性、研究設計與執行方式。他強調成本效益、溝通與蛋白質生物安全的重要性，建議以不同濃度的甜菜根皮粉與重組毒素進行WHO標準產卵試驗，雙方也討論了重組蛋白實際用於野外時的生物安全問題。,"[2024] The team learned it had to synthesize the recombinant proteins and test them thoroughly in vitro and in vivo, and it planned oviposition assays across a range of beetroot peel powder concentrations.",[2024] 團隊了解到必須先合成重組蛋白，並進行完整的體外與體內測試，也據此規劃了不同甜菜根皮粉濃度的產卵試驗。,https://2024.igem.wiki/gems-taiwan/human-practices,high
chee-dhang-chen,Dr. Chee Dhang Chen,馬來亞大學,"Researcher, medical and forensic entomology",醫學與法醫昆蟲學研究者,Universiti Malaya,馬來亞大學,"Institute of Biological Sciences, Faculty of Science",理學院 生物科學研究所,academia,Medical and forensic entomology; ovitrap surveillance; insecticide resistance; dengue KAP studies,醫學與法醫昆蟲學；誘卵器監測；殺蟲劑抗藥性；登革熱知識、態度與行為研究,2024,consultation; interview,2024-07-05,1,Kuala Lumpur,吉隆坡,MY,3.1209,101.6538,https://www.um.edu.my,"[2024] In an online interview on 5 July 2024, Dr. Chen discussed insect science, insecticide resistance, mosquito bionomics and public awareness of mosquito-borne diseases, and presented a gravitrap starter packet. He noted that catching one female mosquito is like catching about 200 more, because each can lay about 200 eggs. He advised the team to find out how often users should change the water and pellets, to show statistically that their trap works better than traps already on the market, and to write a clear illustrated manual that stresses the trap is non-toxic.",[2024] 在2024年7月5日的線上訪談中，陳博士與團隊討論昆蟲學、殺蟲劑抗藥性、蚊蟲生物學與民眾對蚊媒疾病的認知，並簡報了誘殺產卵桶入門資料。他指出，捕到一隻雌蚊就等於少了約200隻蚊子，因為每隻雌蚊可產下約200顆卵。他建議團隊找出使用者應多久更換水與誘餌顆粒、以統計數據證明本產品比市售誘蚊器更有效，並製作附圖的清楚說明書，強調產品無毒。,"[2024] The team kept sticky paper on the inner wall of the ovitrap, added statistical validation and water/pellet replacement tests to its plans, and wrote a detailed instruction manual that emphasizes the trap is non-toxic.",[2024] 團隊決定保留誘卵器內壁的黏蚊紙設計，將統計驗證與換水／更換誘餌的測試納入規劃，並撰寫強調產品無毒的詳細使用說明書。,https://2024.igem.wiki/gems-taiwan/human-practices,high
neil-crickmore,Prof. Neil Crickmore,薩塞克斯大學,Professor; PI of the Bacterial Pesticidal Protein Resource Center,教授；細菌殺蟲蛋白資源中心（Pesticidal Proteins網站）主要研究者,University of Sussex,薩塞克斯大學,School of Life Sciences,生命科學學院,academia,Bacillus thuringiensis and bacterial pesticidal proteins; protein nomenclature,蘇雲金芽孢桿菌與細菌殺蟲蛋白；殺蟲蛋白命名,2024,consultation,,1,Brighton,布萊頓,GB,50.8671,-0.0879,https://www.bpprc-db.org,"[2024] While designing composite biolarvicidal constructs, the team found the 'Pesticidal Proteins' website and contacted Prof. Crickmore, one of its main investigators. He replied about the prospects and challenges of synthetic biolarvicides and helped troubleshoot the team's technical problems, sharing tips on assembly, ribosome binding site (RBS) and linker sequences, and cloning techniques.",[2024] 團隊在設計複合生物殺幼蟲蛋白構築體時發現「Pesticidal Proteins」網站，並聯繫網站主要研究者之一Crickmore教授。他回覆說明合成生物殺幼蟲劑的前景與挑戰，也協助排解團隊遇到的技術問題，分享片段組裝的訣竅、核糖體結合位（RBS）與連接子序列，以及選殖技術。,"[2024] With his advice the team learned how to link two or three fragments, chose the strong RBS BBa_B0030, and designed composites such as p20-Cyt2Ba-Xpp81Aa1.",[2024] 在他的建議下，團隊學會如何連接二至三個基因片段，選用強效RBS BBa_B0030，並設計出p20-Cyt2Ba-Xpp81Aa1等複合構築體。,https://2024.igem.wiki/gems-taiwan/engineering,high
wiadvance-technology-corporation,WiAdvance Technology Corporation,緯謙科技股份有限公司,,,WiAdvance Technology Corporation,緯謙科技股份有限公司,,,industry,"Cloud, data and AI solutions; AI Dengue Fever Prevention Platform (AI mosquito-egg counting and Aedes larva identification)",雲端、數據與AI解決方案；AI登革熱防疫平台（AI計數蚊卵與辨識斑蚊幼蟲）,2024,consultation; interview,2024-08-07,1,New Taipei City,新北市,TW,25.0624,121.6452,https://www.wiadvance.com,"[2024] On 7 August 2024 the team met WiAdvance, a Wistron subsidiary and Microsoft partner, to discuss a possible collaboration and learn about its AI Dengue Fever Prevention Platform. The 1.5-year project collects images, many taken by the public, and uses AI to count mosquito eggs and identify Aedes larvae, reaching 95% accuracy. WiAdvance suggested looking at Southeast Asia as a market, collecting more pictures to improve the team's photo detector, finding ways to get households to buy the product, and integrating AI.",[2024] 2024年8月7日，團隊拜訪緯創子公司、微軟合作夥伴緯謙科技，洽談合作可能並了解其「AI登革熱防疫平台」。該計畫歷時一年半，蒐集大量影像（許多由民眾拍攝），以AI計數蚊卵並辨識是否為斑蚊幼蟲，準確率達95%。緯謙建議團隊把東南亞列為可開發的市場、蒐集更多照片以提升影像辨識準確度、設法吸引家庭用戶購買，並導入AI。,[2024] The meeting encouraged the team to build AI into its product and to develop its own mosquito egg-counting software.,[2024] 這次交流促使團隊將AI導入產品，並自行開發蚊卵計數軟體。,https://2024.igem.wiki/gems-taiwan/human-practices,medium
diana-rojas-alvarez,Dr. Diana Rojas Alvarez,世界衛生組織,"Team Lead, Arboviruses (EZD/WHE)",蟲媒病毒團隊負責人（EZD/WHE）,World Health Organization,世界衛生組織,"Health Emergencies Programme – Emerging Zoonotic Diseases, Arboviruses team",衛生緊急計畫－新興人畜共通疾病部門 蟲媒病毒團隊,government,Infectious disease epidemiology; arboviruses (dengue); global health programmes,傳染病流行病學；蟲媒病毒（登革熱）；全球衛生計畫,2024,consultation; feedback; interview,2024-08-30,1,Geneva,日內瓦,CH,46.2328,6.1349,https://www.who.int,"[2024] On 30 August 2024 the team asked Dr. Rojas Alvarez, a medical doctor and epidemiologist leading WHO's arbovirus team, for feedback on the project and on engaging NGOs to promote it globally. She said the Pennytrap would help underprivileged areas and advised starting in local communities, testing in socioeconomically similar areas, and mapping partners once efficacy and cost-effectiveness were proven. She also suggested filming a Pennytrap construction video, having children bring recyclables to build traps, measuring impact through dengue-related school absences, pitching to WHO's TDR programme, and approaching local NGOs before international ones.",[2024] 2024年8月30日，團隊請教身為醫師、流行病學家並負責WHO蟲媒病毒團隊的Rojas Alvarez博士，對專題的意見以及如何與非政府組織合作、在全球推廣。她認為Pennytrap對弱勢地區很有幫助，建議先從在地社區做起、在社經條件相近的地區測試，並在證明效果與成本效益後盤點潛在夥伴。她也建議拍攝Pennytrap製作教學影片、讓孩童帶回收物來製作誘蚊器、以登革熱相關的學生缺課情形評估成效、向WHO的TDR計畫提案，並先與在地NGO合作再尋求國際NGO。,"[2024] The team made a Pennytrap video tutorial, contacted NGOs to test the product, and strengthened its local school and community outreach.",[2024] 團隊製作了Pennytrap教學影片、聯繫NGO測試產品，並加強在地學校與社區推廣。,https://2024.igem.wiki/gems-taiwan/human-practices,high
frank-liao,Frank Liao,,,,,,,,industry,Web development; front-end animation and debugging,網頁開發；前端動畫與除錯,2023,mentorship,,1,,,TW,,,,"[2023] Listed on the iGEM attribution form as an external advisor from industry who guided the software team on fine-tuning the home-page parallax animation and the member-page slider, helped with debugging, and mediated communication between the software team and other members.",[2023] iGEM 貢獻表將其列為業界外部顧問：指導軟體組調整首頁視差動畫與成員頁滑動效果、協助除錯，並協調軟體組與其他成員之間的溝通。,,,https://2023.igem.wiki/gems-taiwan/attributions,low
sen-lin-tang,Dr. Sen-Lin Tang,湯森林,"Research Fellow and Deputy Director, Biodiversity Research Center",研究員兼生物多樣性研究中心副主任,Academia Sinica,中央研究院,Biodiversity Research Center – Marine Microbial Ecology Lab,生物多樣性研究中心 海洋微生物生態實驗室,research,Marine microbial ecology; coral reef microbes; microbial genomics and metagenomics; computational microbiology,海洋微生物生態；珊瑚礁微生物；微生物基因體與總體基因體學；計算微生物學,2023,consultation; feedback; interview,2023-08-01,1,Taipei,臺北市,TW,25.0441,121.6146,https://www.biodiv.tw,"[2023] The team met Dr. Tang in person to assess the feasibility of their probiotic delivery method. He pointed out that corals do not absorb external substances through their exoskeletons and that they secrete protective mucus, endorsed using AI-driven robots to deliver the product to coral colonies, and raised ethical concerns about releasing GMOs into the ocean. The team also consulted him on where to begin researching GMO regulations, and he approved their quorum-sensing kill-switch biosafety design.",[2023] 團隊與湯森林老師實體會面，評估益生菌遞送方式的可行性。他指出珊瑚不會透過外骨骼吸收外部物質，且會分泌保護性黏液；他支持以 AI 驅動的機器人將產品精準遞送至珊瑚群落，並提出在海洋中釋放基因改造生物的倫理疑慮。團隊也向他請教 GMO 法規研究的切入點，他並認可團隊以群體感應為基礎的自殺開關生物安全設計。,"[2023] The team switched its chassis from Pseudoalteromonas luteoviolacea to SAR11, a bacterium corals consume as food, so corals would ingest the bacteria together with the probiotics. His ethics concerns led directly to the Coral Public Awareness Survey, which included questions on public comfort with GMOs.",[2023] 團隊將底盤菌從 Pseudoalteromonas luteoviolacea 改為珊瑚會攝食的 SAR11，讓珊瑚把工程菌連同益生菌一併吃下。他提出的倫理疑慮直接促成「珊瑚公眾認知問卷」，其中納入民眾對 GMO 接受度的題目。,https://2023.igem.wiki/gems-taiwan/human-practices,high
lone-h-j,Dr. Lone Høj,澳洲海洋科學研究所,Microbial Ecologist / Research Scientist,微生物生態學家／研究科學家,Australian Institute of Marine Science,澳洲海洋科學研究所,,,research,Microbial ecology; coral diets and probiotics for reef restoration in aquaculture; aquaculture microbiology and biocontrol,微生物生態學；用於珊瑚礁復育的珊瑚飼料與益生菌養殖；水產養殖微生物學與生物防治,2023,consultation; feedback; interview,2023-08-02,1,Townsville,湯斯維爾,AU,-19.2703,147.0587,https://www.aims.gov.au,"[2023] In a first online meeting Dr. Høj reviewed the engineered-SAR11 approach, endorsed it, stressed scalability of the robotic delivery system, and proposed metagenomic monitoring of microbiome effects and of coral growth and survival. In a second meeting on the improved design she suggested delivering probiotics as solid coral-feed pellets or a spray (leaning toward the spray for large-scale use), testing the optimal dose, timing applications around stressors such as heat waves, and testing interactions between probiotics and SAR11. For entrepreneurship she also supported the product and its market potential.",[2023] 在第一次線上會議中，Høj 博士審視並肯定團隊的工程 SAR11 方案，強調機器人遞送系統須具可擴展性，並建議以總體基因體分析監測對珊瑚微生物組的影響，以及追蹤珊瑚的生長與存活。第二次會議評估改良設計時，她建議以固態珊瑚飼料顆粒或噴霧遞送益生菌（因大規模應用潛力而較傾向噴霧），並建議測試最適施用量、依熱浪等環境壓力安排施用時程，以及評估不同益生菌與 SAR11 之間的交互作用。在創業面向上，她也支持此產品的開發與市場潛力。,"[2023] Her input fed into the liquid probiotic spray design, application scheduling for the robot, and planned co-culture tests of probiotics with SAR11; she was cited as a research-market representative in customer discovery and as an expert endorsing the biosafety design.",[2023] 她的建議影響了液態益生菌噴霧設計、機器人施用時程規劃，以及益生菌與 SAR11 共培養測試的規劃；她也在客戶探索中被列為研究端市場代表，並作為認可生物安全設計的專家之一。,https://2023.igem.wiki/gems-taiwan/human-practices,high
beach-cleanup-volunteers-community,Beach cleanup volunteers (Shalun Beach),,,,Beach cleanup volunteers (Shalun Beach),,,,community,Local and international volunteers,在地與國際志工,2023,education; meetup,2023-08-14,1,New Taipei City,新北市,TW,25.186,121.413,,"[2023] The team hosted a beach cleanup at Shalun Beach with more than 85 volunteers, friends and team members from across Taiwan, collecting a significant amount of garbage and debris. Monica, a visitor from Spain, saw the promotion and joined with her own equipment.",[2023] 團隊在沙崙海灘舉辦淨灘活動，來自全臺的 85 位以上志工、朋友與隊員參與，清出大量垃圾與廢棄物。一位來自西班牙、正在臺灣度假的 Monica 看到活動宣傳，自備工具加入。,"[2023] Showed that the team's outreach could reach people beyond the local community, and led it to call for a global approach to marine conservation.",[2023] 顯示團隊的推廣能觸及在地社群以外的人，也促使團隊呼籲以全球視野推動海洋保育。,https://2023.igem.wiki/gems-taiwan/human-practices,medium
commonwealth-magazine,CommonWealth Magazine,天下雜誌,,,CommonWealth Magazine,天下雜誌,,,media,National news and business media,全國性新聞與商業媒體,2023,collaboration,,1,Taipei,臺北市,TW,25.0521,121.532,https://www.cw.com.tw,[2023] Listed on the iGEM attribution form as a collaborator: a platform for spreading coral-conservation messages to the public and a potential future sponsor. The wiki gives no further details.,[2023] iGEM 貢獻表將其列為合作單位：作為向大眾宣導珊瑚保育的平台，也是潛在的未來贊助者。Wiki 未提供更多細節。,,,https://2023.igem.wiki/gems-taiwan/attributions,low
jude-lin,Jude Lin,,Marine biologist; CoralWatch project member,海洋生物專家；CoralWatch 計畫成員,CoralWatch,,,,ngo,Marine biology; coral health monitoring; coral restoration diving,海洋生物學；珊瑚健康監測；珊瑚復育潛水,2023,consultation; interview,2023-09-05,1,,,TW,,,https://coralwatch.org,"[2023] Jude Lin, a marine biology expert with the CoralWatch project and an experienced coral-restoration diver, joined the team's online meeting arranged through TEIA's Hsuan-Chou Chen. Together they described the state of Taiwan's corals, the public's lack of awareness, and the practical logistics of applying a product underwater.",[2023] Jude Lin 是 CoralWatch 計畫的海洋生物專家，也是經驗豐富的珊瑚復育潛水員，透過台灣環境資訊協會陳玄州先生的安排參與團隊的線上會議，與陳先生一同說明臺灣珊瑚現況、民眾認知不足的問題，以及在水下施用產品的實際後勤考量。,"[2023] Contributed to the logistics considerations (dive time per oxygen tank, area assessment) behind the spray and hardware design.",[2023] 協助團隊掌握噴霧與硬體設計所需的後勤考量（每支氣瓶的潛水時間、受影響區域評估）。,https://2023.igem.wiki/gems-taiwan/human-practices,medium
wim-chang,Wim Chang,張楊乾,CEO (Executive Director),執行長,Delta Electronics Foundation,台達電子文教基金會,,,ngo,Climate action; ESG; coral restoration partnerships (with NMMST in Keelung); clean technology promotion,氣候行動；ESG；珊瑚復育合作（與基隆海科館）；潔淨技術推廣,2023,consultation; interview; partnership,2023-09-15,1,Taipei,臺北市,TW,25.0785,121.5745,https://www.delta-foundation.org.tw,"[2023] The team reached out to Delta Electronics Foundation CEO Wim Chang, since Delta already works on coral restoration and has propagated and transplanted nearly a thousand corals with the ocean museum in Keelung. They discussed the project concept and its future, opening the door to future collaboration. Delta expressed interest in collaborating on the Reef Resilience Service.",[2023] 由於台達已投入珊瑚復育，並與基隆的海洋博物館合作繁殖、移植近千株珊瑚，團隊聯繫台達電子文教基金會執行長張楊乾。雙方討論專案概念與未來發展，為日後合作開啟大門；台達表示有興趣就「珊瑚韌性服務」進行合作。,[2023] Delta became the large-corporation customer representative in customer discovery and a potential partner and customer for the Reef Resilience Service's blue-carbon credit model.,[2023] 台達成為客戶探索中的大型企業代表，也是「珊瑚韌性服務」藍碳權模式的潛在合作夥伴與客戶。,https://2023.igem.wiki/gems-taiwan/human-practices,high
fridays-for-future-taiwan,Fridays For Future Taiwan,,,,Fridays For Future Taiwan,,,,ngo,Youth climate activism,青年氣候行動,2023,collaboration,2023-08-14,1,,,TW,,,,"[2023] Fridays For Future Taiwan took part in the team's beach cleanup and youth video series, and created a collaborative post introducing the team's mission and solution.",[2023] Fridays For Future Taiwan 參與團隊的淨灘活動與青年影片系列，並製作合作貼文介紹團隊的使命與解決方案。,,,https://2023.igem.wiki/gems-taiwan/education,medium
green4tomorrow,Green4Tomorrow,,,,Green4Tomorrow,,,,ngo,Youth-founded environmental education non-profit,青年創立的環境教育非營利組織,2023,collaboration,2023-08-14,1,,,TW,,,https://www.green4tomorrow.org,"[2023] Green4Tomorrow took part in the team's beach cleanup and the youth video series, and co-published an Instagram post, 'All About Coral Bleaching'.",[2023] Green4Tomorrow 參與團隊的淨灘活動與青年影片系列，並共同發布 Instagram 貼文〈All About Coral Bleaching〉。,,,https://2023.igem.wiki/gems-taiwan/education,medium
integrated-dna-technologies,Integrated DNA Technologies (IDT),Integrated DNA Technologies（IDT）,,,Integrated DNA Technologies (IDT),Integrated DNA Technologies（IDT）,,,industry,DNA synthesis (gene fragments and primers),DNA 合成（基因片段與引子）,2022; 2023,collaboration; sponsorship,,2,"Coralville, IA",愛荷華州科勒爾維爾,US,41.676,-91.581,https://www.idtdna.com,"[2022] IDT's logo appears in the Sponsors section of the team's Attributions page. The wiki gives no further detail on what was provided.
[2023] IDT synthesised the team's gene fragments and primers, including the MetJ construct, which was synthesised in five fragments, and the biosafety construct.","[2022] IDT 的標誌列於團隊致謝頁的贊助單位區，維基未進一步說明贊助內容。
[2023] IDT 為團隊合成基因片段與引子，包括分成五段合成的 MetJ 構築體與生物安全構築體。",,,https://2022.igem.wiki/gems-taiwan/attributions https://2023.igem.wiki/gems-taiwan/attributions,medium
david-bourne,Prof. David Bourne,詹姆斯庫克大學,Professor,教授,James Cook University,詹姆斯庫克大學,Marine and Aquaculture Sciences (also affiliated with the Australian Institute of Marine Science),海洋與水產養殖科學（亦任職於澳洲海洋科學研究所）,academia,"Molecular microbial ecology; coral microbiology, pathogens and disease; Beneficial Microorganisms for Corals (BMC)",分子微生物生態學；珊瑚微生物、病原與疾病；珊瑚有益微生物（BMC）,2023,consultation; feedback; interview,2023-08-11,1,Townsville,湯斯維爾,AU,-19.329,146.7581,https://www.jcu.edu.au,"[2023] The team held an online meeting with Prof. Bourne, whose review introducing 'Beneficial Microorganisms for Corals' was one of the project's main inspirations, to check feasibility. He asked how coral mucus regeneration would affect the application mechanism, how the probiotic strain choice would affect feasibility, and pushed the team to choose a specific target coral species. He also approved the self-destructive biosafety mechanism and supported the product from a research-market perspective.",[2023] 團隊與 Bourne 教授進行線上會議評估可行性；他提出「珊瑚有益微生物」概念的回顧論文是本專案最重要的靈感來源之一。他提出珊瑚黏液再生是否會影響施用機制、益生菌株選擇對可行性的影響等問題，並要求團隊選定特定目標珊瑚物種。他也認可團隊的自殺型生物安全機制，並從研究市場角度支持此產品。,"[2023] The team chose reef-building corals as its target, confirmed that their mucus turnover leaves enough time for the probiotics and biofilm to integrate into the holobiont, and moved to a more feasible application as a solid coral feed.",[2023] 團隊選定造礁珊瑚為目標，確認其黏液更新速率足以讓益生菌與生物膜整合進珊瑚共生體，並改採較可行的固態珊瑚飼料施用形式。,https://2023.igem.wiki/gems-taiwan/human-practices,high
mwcc,MWCC,,,,MWCC,,,,ngo,Youth environmental group,青年環境團體,2023,collaboration,2023-08-14,1,,,TW,,,,"[2023] MWCC, a non-profit youth group, took part in the team's beach cleanup and youth video series and published a collaborative post introducing the team.",[2023] 非營利青年團體 MWCC 參與團隊的淨灘活動與青年影片系列，並發布介紹團隊的合作貼文。,,,https://2023.igem.wiki/gems-taiwan/education,low
masayuki-hashimoto,Dr. Masayuki Hashimoto,橋本昌征,,,National Cheng Kung University,國立成功大學,"Institute of Molecular Medicine, College of Medicine",醫學院 分子醫學研究所,academia,Bacterial genetics; E. coli genome engineering,細菌遺傳學；大腸桿菌基因體工程,2023,collaboration,,1,Tainan,臺南市,TW,22.9997,120.2196,https://imm-med.ncku.edu.tw,[2023] Dr. Hashimoto provided the materials for the planned csg-operon knockout by homologous recombination: E. coli MG1655 carrying the pKD46 helper plasmid and a plasmid encoding the FLP recombinase to remove the kanamycin-resistance gene.,[2023] 橋本昌征博士提供團隊以同源重組剔除 csg 操縱組所需的材料：帶有 pKD46 輔助質體的大腸桿菌 MG1655，以及用於移除康黴素抗性基因、表現 FLP 重組酶的質體。,[2023] Enabled the knockout design; the team did not complete the knockout because of cloning delays.,[2023] 使剔除實驗設計得以進行，但因選殖進度延誤，團隊最終未完成剔除。,https://2023.igem.wiki/gems-taiwan/engineering,high
yu-hung-tsai,Dr. Yu-Hung Tsai,國立海洋科技博物館,Coral conservation expert,珊瑚保育專家,National Museum of Marine Science and Technology,國立海洋科技博物館,,,government,Coral conservation and coral diseases; public marine education through BioArt,珊瑚保育與珊瑚疾病；以生物藝術（BioArt）進行海洋科普教育,2023,consultation; education; site-visit,2023-07-25,1,Keelung,基隆市,TW,25.1392,121.8009,https://www.nmmst.gov.tw,"[2023] Team members visited NMMST in Keelung and met Dr. Yu-Hung Tsai, who explained current approaches to coral diseases, suggested how to optimise the delivery mechanism, and showed BioArt teaching materials such as crocheted coral hats, coral structures and a crocheted marine ecosystem. The team took part in an environment-themed BioArt exhibition, presented its planned summer-camp materials and asked for advice on effective teaching methods.",[2023] 團隊成員前往基隆的國立海洋科技博物館拜訪蔡博士。他說明目前對抗珊瑚疾病的做法、建議如何優化遞送機制，並展示鉤織珊瑚帽、珊瑚結構與鉤織海洋生態環境等生物藝術教材。團隊也參與了環境主題的生物藝術展，並展示為夏令營準備的教材，請教有效的教學方法。,"[2023] The visit led to the liquid probiotic spray implementation, and inspired the team to add BioArt to its education plan and the iGEM Syn-Bio Summer Camp.",[2023] 此次參訪促成液態益生菌噴霧的實施方式，並啟發團隊將生物藝術納入教育計畫與 iGEM 合成生物夏令營。,https://2023.igem.wiki/gems-taiwan/human-practices,medium
bryan-tsai,Bryan Tsai,國立臺灣大學,,,National Taiwan University,國立臺灣大學,"Dr. Hsuan-Chen Wu's lab (Lab 106), Department of Biochemical Science and Technology",生化科技學系 吳亘承老師實驗室（106 室）,academia,Molecular cloning; primer design; lab supervision,分子選殖；引子設計；實驗室指導,2023,mentorship,,1,Taipei,臺北市,TW,25.0173,121.5397,https://www.bst.ntu.edu.tw,"[2023] Listed on the iGEM attribution form as an academic external advisor who designed and checked the team's primers, helped troubleshoot during lab training, assisted with experiments, helped plan lab work and supervised lab activities for safety.",[2023] iGEM 貢獻表將其列為學術界外部顧問：協助設計並檢查引子、在實驗訓練中協助除錯、協助進行實驗與規劃實驗，並監督實驗室安全。,,,https://2023.igem.wiki/gems-taiwan/attributions,low
hsuan-chen-wu,Dr. Hsuan-Chen Wu,吳亘承,Associate Professor,副教授,National Taiwan University,國立臺灣大學,Department of Biochemical Science and Technology – Synthetic Biology and Biofabrication Laboratory (Lab 106),生化科技學系 合成生物與生物製造實驗室（106 室）,academia,Synthetic biology; metabolic engineering; biofabrication and biomaterials; quorum-sensing switches,合成生物學；代謝工程；生物製造與生物材料；群體感應開關,2022; 2023,consultation; feedback; interview; lab-visit; mentorship,2023-07-20,2,Taipei,臺北市,TW,25.0173,121.5397,https://www.bst.ntu.edu.tw,"[2022] Dr. Wu, PI of the NTU lab (Lab 106) where the team did its wet-lab work, was one of the first experts the team consulted. In an interview he raised concerns about the target specificity and biocontainment of the chitinase-secreting bacteria, first suggesting ways to adhere the engineered bacteria to the banana root surface, and introduced a toxin-antitoxin approach to keep the bacteria localized in the rhizosphere. He is also credited on the Attributions page for lab support and project advisory.
[2023] The team carried out all its wet-lab work in Dr. Wu's BSL-1 laboratory (Lab 106) at NTU, and consulted him on the cloning cycle and construct design strategy. After repeated failures with PCR and overlap PCR they held a troubleshooting session, where he told them to check the manufacturer's protocols for Q5 polymerase and Gibson Assembly and to redesign all primers. The attribution form also credits him with approving their lab activity and inspiring their quorum-sensing mechanism.","[2022] 吳亘承副教授是團隊進行濕實驗的臺大實驗室（Lab 106）主持人，也是團隊最早請教的專家之一。訪談中他指出幾丁質酶分泌菌在目標專一性與生物圍堵上的疑慮，最初建議設法讓工程菌附著在香蕉根表面，並提出以毒素－抗毒素系統將菌侷限在根圈。他也列名於致謝頁的實驗室支援與專案顧問。
[2023] 團隊所有濕實驗皆在吳亘承老師位於臺大的生物安全第一等級實驗室（106 室）進行，並向他請教選殖流程與構築體設計策略。在 PCR 與 overlap PCR 多次失敗後，團隊與他進行除錯討論，他建議依照原廠手冊（而非網路上流傳的通用流程）驗證 Q5 聚合酶與 Gibson Assembly 的操作，並重新設計所有引子。貢獻表亦記載他提供實驗室、核准實驗活動，並啟發了團隊的群體感應機制。","[2022] His biocontainment concerns led the team to design a malate-driven CcdA-CcdB toxin-antitoxin kill switch that restricts the bacteria to the banana root rhizosphere, making the biofungicide more sustainable and responsible.
[2023] The team redesigned and reordered its primers, after which the primary construct was successfully transformed into the bacteria.","[2022] 他對生物圍堵的提醒促使團隊設計以蘋果酸驅動的 CcdA-CcdB 毒素－抗毒素自殺開關，將菌限制在香蕉根圈，使生物殺菌劑更永續、更負責任。
[2023] 團隊重新設計並訂購引子，之後主要構築體成功轉形進入菌株。",https://2022.igem.wiki/gems-taiwan/human-practices https://2023.igem.wiki/gems-taiwan/human-practices,high
kai-feng,Kai Feng,國立臺灣大學,,,National Taiwan University,國立臺灣大學,"Dr. Hsuan-Chen Wu's lab (Lab 106), Department of Biochemical Science and Technology",生化科技學系 吳亘承老師實驗室（106 室）,academia,Engineering-cycle troubleshooting; lab supervision and safety,工程循環除錯；實驗室指導與安全,2023,mentorship,,1,Taipei,臺北市,TW,25.0173,121.5397,https://www.bst.ntu.edu.tw,"[2023] Listed on the iGEM attribution form as an academic external advisor who helped troubleshoot the engineering cycle, gave insight on the project, led the team in the lab and supervised experiments to make sure safety measures were met.",[2023] iGEM 貢獻表將其列為學術界外部顧問：協助工程循環除錯、提供專案建議、在實驗室帶領團隊，並監督實驗以確保符合安全規範。,,,https://2023.igem.wiki/gems-taiwan/attributions,low
ocean-conservation-administration-ocean-affairs-co,"Ocean Conservation Administration, Ocean Affairs Council",海洋委員會海洋保育署,,,"Ocean Conservation Administration, Ocean Affairs Council",海洋委員會海洋保育署,,,government,Marine conservation policy; marine protected areas; coral regulation; marine conservation education,海洋保育政策；海洋保護區；珊瑚相關法規；海洋保育教育,2023,consultation; interview,2023-07-10,1,Kaohsiung,高雄市,TW,22.6045,120.3033,https://www.oca.gov.tw,"[2023] The team interviewed the OCA about the ethical and political challenges of implementing the project in Taiwan. The OCA explained the complex legal issues around many coral species, said more data on the product's benefits would be needed for any approval, stressed involving enthusiasts, professionals and the public in conservation, and noted that about 70% of conservation work in Taiwan is outsourced. It also said there are currently no regulations against releasing or using GMO-containing products in the ocean.",[2023] 團隊訪談海洋保育署，了解在臺灣落實專案時的倫理與政策挑戰。海保署說明許多珊瑚物種涉及複雜的法律問題，未來若要取得核准需要更多證明產品效益的數據；並強調應讓愛好者、專業人士與一般民眾共同參與保育，也指出臺灣約七成保育工作為委外執行。海保署亦表示目前沒有法規禁止在海洋中釋放或使用含基因改造生物的產品。,"[2023] The interview shaped the team's ethics framework and, with Dr. Tang's input, the design of the Coral Public Awareness Survey. The entrepreneurship page states that, given some experimental success, the OCA drafted a potential contract proposal for Taiwan's reef areas, positioning Cure-All Reef as a possible government-contracted service.",[2023] 此次訪談形塑了團隊的倫理框架，並與湯森林老師的建議共同促成珊瑚公眾認知問卷的設計。創業頁面指出，若實驗取得初步成果，海保署已草擬針對臺灣珊瑚礁區的潛在合作提案，顯示本專案具成為政府委託服務的潛力。,https://2023.igem.wiki/gems-taiwan/human-practices,high
yan-qingzhen,Yan Qingzhen,,CEO,執行長,"Panchi Coral Company (Panchi Co., Ltd.)",,,,industry,Commercial coral farming and coral supply; shallow-water coral harvesting regulations,商業珊瑚養殖與供應；淺海珊瑚採集法規,2023,feedback; interview; site-visit,2023-08-17,1,,,TW,,,,"[2023] The team visited Panchi Coral Company and learned that protecting shallow-water corals requires fixed harvesting seasons, detailed records and strict inspections. They presented the product concept to get feedback from a large coral company; CEO Yan Qingzhen said the coral spray would be very useful for maintaining its coral farms and a consistent coral supply, and saw strong growth potential for the product across the coral market.",[2023] 團隊參訪 Panchi 珊瑚公司，了解到保護淺海珊瑚須遵守特定採集季節、詳細紀錄與嚴格檢查。團隊向這家大型珊瑚公司介紹產品概念以取得回饋；執行長 Yan Qingzhen 表示珊瑚噴霧對維護其珊瑚養殖場與穩定供貨很有幫助，並認為產品在整個珊瑚市場都有很大的成長潛力。,"[2023] Panchi served as the coral-farm customer representative in customer discovery for the Reef Resilience Service, helping the team align its business plan with the needs of large coral companies.",[2023] Panchi 在「珊瑚韌性服務」的客戶探索中作為珊瑚養殖業者代表，協助團隊讓商業計畫更貼近大型珊瑚業者的需求。,https://2023.igem.wiki/gems-taiwan/human-practices,medium
sda17,SDA17 (Sustainable Development Agenda 17),,,,SDA17 (Sustainable Development Agenda 17),,,,ngo,Youth advocacy for the UN Sustainable Development Goals,青年推動聯合國永續發展目標,2023,collaboration; education,2023-05-20,1,,,TW,,,https://www.sda17.org,"[2023] The team collaborated with SDA17, a group of high school students championing the UN SDGs, and published a series of articles on its website about coral threats, the economic and social effects of coral degradation, co-culture interactions, reef-monitoring software and the benefits of coral probiotics. SDA17 also took part in the team's youth video series.",[2023] 團隊與推動聯合國永續發展目標的高中生團體 SDA17 合作，在其網站發表一系列文章，主題包括珊瑚面臨的威脅、珊瑚退化對經濟與社會的影響、共培養交互作用、珊瑚礁監測軟體以及珊瑚益生菌的好處。SDA17 也參與了團隊的青年影片系列。,[2023] Gave the team a platform to reach a broader online audience with coral-conservation content.,[2023] 為團隊提供平台，將珊瑚保育內容推廣給更廣泛的線上讀者。,https://2023.igem.wiki/gems-taiwan/education,medium
hsuan-chou-chen,Hsuan-Chou Chen,陳玄州,Chief Director of Coral Reef Check and Coral Restoration,珊瑚礁體檢與珊瑚復育負責人,Taiwan Environmental Information Association,台灣環境資訊協會,,,ngo,Coral reef monitoring (Reef Check) and coral restoration diving in Taiwan; environmental media,臺灣珊瑚礁體檢（Reef Check）與珊瑚復育潛水；環境媒體,2023,consultation; feedback; interview,2023-09-05,1,Taipei,臺北市,TW,25.033,121.52,https://teia.tw,"[2023] In an online meeting with TEIA's Hsuan-Chou Chen (and marine biologist Jude Lin), both experienced coral-restoration divers, the team learned about the state of Taiwan's corals and how weak public awareness leads to little government action and funding. On GMO regulation their view matched the OCA's: there are no current restrictions on GMOs in products such as a coral spray. They stressed logistics instead: surveying affected areas, planning dive distribution, and the roughly half-hour limit per oxygen tank.",[2023] 團隊與台灣環境資訊協會的陳玄州先生（及海洋生物專家 Jude Lin）進行線上會議，兩人都是經驗豐富的珊瑚復育潛水員。團隊了解臺灣珊瑚現況，以及公眾認知不足導致政府行動與經費缺乏的困境。關於 GMO 法規，他們的看法與海保署一致：目前沒有限制珊瑚噴霧這類產品使用 GMO 的規定；他們更強調實際施用的後勤問題，包括評估受影響區域、規劃潛水分工，以及每支氣瓶約半小時的作業時間限制。,"[2023] Their concerns shaped the underwater coral spray's efficiency targets and the hardware designed to reduce reliance on diver labour, and reinforced the motivation for the education program.",[2023] 他們的意見影響了水下珊瑚噴霧的效率設計與降低潛水人力依賴的硬體設計，也強化了團隊推動教育活動的動機。,https://2023.igem.wiki/gems-taiwan/human-practices,high
the-marine-ecology-art-research-institute,The Marine Ecology Art Research Institute,,,,The Marine Ecology Art Research Institute,,,,ngo,Integrating marine biology and art; ecological art and BioArt education,結合海洋生物學與藝術；生態藝術與生物藝術教育,2023,consultation; interview,2023-07-18,1,,,TW,,,,"[2023] Because survey respondents preferred learning through BioArt, the team held an online meeting with the institute, whose members share a passion for marine biology and art. They discussed integrating science and art in teaching about corals, current BioArt trends such as ocean-waste recycling, and advice for high schoolers interested in ecological art (join art clubs, set clear goals, use scientific literature). The institute said it welcomes collaborations that bring art into ecological teaching.",[2023] 由於問卷顯示受訪者偏好透過生物藝術學習，團隊與該研究所進行線上會議；其成員同時熱愛海洋生物學與藝術。雙方討論如何在珊瑚教育中融合科學與藝術、以海洋廢棄物回收為主的生物藝術趨勢，以及給對生態藝術有興趣之高中生的建議（加入藝術社團、設定明確目標、善用科學文獻）。該研究所表示歡迎將藝術融入生態教學的合作。,[2023] The team learned how to present BioArt in a more engaging way and used it in the BioArt lesson of the iGEM Syn-Bio Summer Camp.,[2023] 團隊學到如何更生動地呈現生物藝術，並運用於 iGEM 合成生物夏令營的生物藝術課程。,https://2023.igem.wiki/gems-taiwan/human-practices,medium
the-student-gaze,The Student Gaze,,,,The Student Gaze,,,,media,Student-run online publication,學生經營的線上刊物,2023,collaboration; education,2023-07-29,1,,,,,,https://studentgaze.wixsite.com/studentgaze,"[2023] The team wrote and published the article 'Cure-All Reefs: A Cure to The Distressing Decline of Coral Reefs' on Student Gaze, a platform popular with high school students from various international schools. The article covered coral decline, the biofilm-based probiotic delivery idea and the quorum-sensing biosafety mechanism.",[2023] 團隊在 Student Gaze 撰寫並發表〈Cure-All Reefs: A Cure to The Distressing Decline of Coral Reefs〉一文。該平台深受多所國際學校高中生歡迎，文章介紹珊瑚衰退問題、以生物膜遞送益生菌的構想，以及群體感應生物安全機制。,[2023] Extended the team's reach to a youth audience.,[2023] 將團隊的影響力延伸至青少年讀者。,https://2023.igem.wiki/gems-taiwan/education,medium
blake-ushijima,Dr. Blake Ushijima,北卡羅來納大學威爾明頓分校,Assistant Professor,助理教授,University of North Carolina Wilmington,北卡羅來納大學威爾明頓分校,Department of Biology and Marine Biology,生物與海洋生物學系,academia,Coral probiotics; stony coral tissue loss disease (SCTLD); coral pathogens and microbe-microbe antagonism,珊瑚益生菌；石珊瑚組織流失症（SCTLD）；珊瑚病原菌與微生物間拮抗機制,2023,consultation; interview,2023-04-20,1,"Wilmington, NC",北卡羅來納州威爾明頓,US,34.226,-77.8718,https://uncw.edu,"[2023] After their literature review, the team held an online call with Dr. Ushijima and his team to validate their concept; his paper on a potential probiotic treatment for SCTLD was one of the project's first sources of inspiration. He advised against focusing on a single probiotic, since different coral species under different stresses need different probiotics, and told the team to pick a specific coral and stress type to target.",[2023] 團隊完成文獻回顧後，與 Ushijima 博士及其團隊進行線上會議，驗證專案構想；他關於石珊瑚組織流失症潛在益生菌療法的論文是本專案最早的靈感來源之一。他建議不要只鎖定單一益生菌，因為不同珊瑚物種在不同壓力下需要不同的益生菌，並建議團隊選定特定的珊瑚與壓力類型作為目標。,"[2023] The design shifted from engineering the probiotics themselves to produce biofilm to a general biofilm-producing carrier bacterium (SAR11) that acts as a temporary, biodegradable glue able to attach any mix of probiotics.",[2023] 設計從「改造益生菌本身產生生物膜」轉為使用通用的生物膜生產菌（SAR11）作為暫時性、可生物分解的黏著劑，可附著任何益生菌組合。,https://2023.igem.wiki/gems-taiwan/human-practices,high
igem-wist,WIST,WIST,iGEM team,iGEM 隊伍,Washington International School in Taichung,臺中華盛頓中學,,,igem,iGEM 2023 high-school team (orchid conservation project),iGEM 2023 高中組隊伍（蘭花保育專案）,2023,collaboration; partnership,2023-08-14,1,Taichung,臺中市,TW,24.1469,120.6839,https://2023.igem.wiki/wist/,[2023] The WIST iGEM team joined GEMS Taiwan's Shalun Beach cleanup and the youth video series documenting Taiwanese teenagers' environmental efforts.,[2023] WIST iGEM 隊參與 GEMS Taiwan 在沙崙海灘舉辦的淨灘活動，以及記錄臺灣青少年環境行動的青年影片系列。,,,https://2023.igem.wiki/gems-taiwan/attributions,medium
igem-syn-bio-summer-camp-participants-education,iGEM Syn-Bio Summer Camp participants (GEMS Academy),,,,iGEM Syn-Bio Summer Camp participants (GEMS Academy),,,,education,Students interested in synthetic biology and future iGEM participation,對合成生物學與未來參加 iGEM 有興趣的學生,2023,education; workshop,2023-07-31,1,Taipei,臺北市,TW,25.062,121.457,,"[2023] The team ran a Synthetic Biology Summer Camp for students interested in synthetic biology and future iGEM teams. It included a BioArt lesson (essence, goals and ethics of BioArt, with iGEM BioArt examples and the iGEM virtual gallery), topic presentations where students chose iGEM tracks and brainstormed projects, and a Model United Nations session debating GMO biosafety and national regulations. Teaching methods were prepared with advice from GEMS Academy educators and NMMST.",[2023] 團隊為對合成生物學與未來參加 iGEM 有興趣的學生舉辦合成生物夏令營，內容包括生物藝術課程（介紹生物藝術的本質、目標與倫理，並展示 iGEM 隊伍的生物藝術案例與 iGEM 線上藝廊）、讓學生選擇 iGEM 賽道並發想專案的主題發表，以及討論 GMO 生物安全與各國法規的模擬聯合國活動。教學方法參考了 GEMS Academy 教師與海科館的建議。,[2023] Put the survey finding (38.6% of 303 respondents preferred BioArt) into practice and trained potential future iGEMers.,[2023] 實踐問卷結果（303 位受訪者中 38.6% 偏好生物藝術），並培育未來可能參與 iGEM 的學生。,https://2023.igem.wiki/gems-taiwan/education,medium
george-lee,George Lee,Chez Jorge,Cook; creator of the plant-based food page Chez Jorge,廚師；植物性料理品牌 Chez Jorge 創作者,Chez Jorge,Chez Jorge,,,media,Plant-based recreations of Taiwanese dishes; food sustainability; meat alternatives,以植物性食材重現臺灣料理；食物永續；肉類替代品,2022,interview,,1,,,TW,,,,"[2022] George Lee, a Taiwanese cook who recreates Taiwanese dishes with plant-based foods on his food page Chez Jorge, was the guest on episode 4 of the team's podcast That's Bananas!. The conversation covered food sustainability, the environmental effects of meat consumption, and how plant-based foods can be made to taste like meat compared with lab-grown and real meat.",[2022] George Lee 是以植物性食材重現臺灣料理的廚師，經營美食頁面 Chez Jorge，擔任團隊 Podcast《That's Bananas!》第四集來賓。節目討論食物永續、肉食對環境的影響，以及植物性食品如何做出肉的風味，並與實驗室培養肉及真肉比較。,"[2022] Broadened the podcast beyond the team's project into food sustainability, as the team had planned.",[2022] 使 Podcast 內容如團隊規劃延伸至食物永續議題。,https://2022.igem.wiki/gems-taiwan/contribution,medium
igem-d-sseldorf,Düsseldorf,Düsseldorf,iGEM team,iGEM 隊伍,Heinrich Heine University Düsseldorf,杜塞道夫海因里希·海涅大學,,,igem,,,2022,collaboration,,1,Düsseldorf,杜塞道夫,DE,51.1902,6.7937,https://www.hhu.de,"[2022] Team Düsseldorf submitted its infographic to the infographic translation project; the core team translated it into Mandarin, Norwegian, Thai and Korean for the online exhibition and Instagram.",[2022] Düsseldorf 隊伍提交資訊圖表參與翻譯計畫，核心團隊將其譯為中文、挪威文、泰文與韓文，展示於線上展覽與 Instagram。,,,https://2022.igem.wiki/gems-taiwan/partnership,medium
kang-chiao-international-school-students-at-two-campuses,Kang Chiao International School,康橋國際學校,,,Kang Chiao International School,康橋國際學校,Students (grades 6–11) at two campuses,兩校區 6 至 11 年級學生,education,,,2022,education; workshop,2022-09-01,1,New Taipei City,新北市,TW,24.957,121.515,https://www.kcis.ntpc.edu.tw,"[2022] The team gave in-person presentations to students at two Kang Chiao International School campuses: an interactive Chinese-language session for 7th graders and an advanced English session for 10th graders. On 1 September 2022 it co-organized, with NYCU_Formosa and KCIS_Xiugang_Taipei, an educational panel for about 20 biology-interested students covering BioArt, gel electrophoresis, dry-lab models and the project, ending with a Kahoot game. An animated educational video was also emailed via homeroom teachers to more than 1,500 6th and 8th graders.","[2022] 團隊在康橋國際學校兩個校區進行實體簡報：以中文互動方式向七年級介紹，並以英文進階版向十年級簡報。2022 年 9 月 1 日與 NYCU_Formosa、KCIS_Xiugang_Taipei 共同為約 20 名對生物有興趣的學生舉辦教育活動，內容包括生物藝術、膠體電泳、乾實驗模型與專案介紹，最後以 Kahoot 遊戲收尾。團隊也透過導師將動畫教育影片寄給超過 1,500 名六、八年級學生。",[2022] Raised awareness of the banana crisis and synthetic biology among students and encouraged them to join iGEM the following year.,[2022] 提升學生對香蕉危機與合成生物學的認識，並鼓勵他們參加隔年的 iGEM。,https://2022.igem.wiki/gems-taiwan/education,high
igem-kcis-xiugang-taipei,KCIS_Xiugang_Taipei,KCIS_Xiugang_Taipei,iGEM team,iGEM 隊伍,Kang Chiao International School,康橋國際學校（秀岡校區）,,,igem,High-school synthetic biology outreach,高中合成生物學推廣,2022,collaboration; partnership; workshop,2022-09-01,1,New Taipei City,新北市,TW,24.957,121.515,https://www.kcis.ntpc.edu.tw,"[2022] GEMS_Taiwan coordinated with KCIS_Xiugang_Taipei to host the BioArt event in KCIS's labs together with NYCU_Formosa, educating biology-inclined KCIS students. KCIS_Xiugang_Taipei also sent its infographic to the translation project and distributed GEMS_Taiwan's team introduction in its school newspaper.",[2022] GEMS_Taiwan 與 KCIS_Xiugang_Taipei 協調，並與 NYCU_Formosa 在康橋實驗室共同舉辦生物藝術活動，教育對生物有興趣的康橋學生。KCIS_Xiugang_Taipei 也將資訊圖表交付翻譯計畫，並在校刊刊登 GEMS_Taiwan 的團隊介紹。,[2022] Opened a dialogue with biology-inclined students and spread awareness of synthetic biology across the school.,[2022] 建立與對生物有興趣學生的對話，並在全校推廣合成生物學。,https://2022.igem.wiki/gems-taiwan/collaborations,medium
igem-mingdao,Mingdao,Mingdao,iGEM team,iGEM 隊伍,Mingdao High School,臺中市私立明道高級中學,,,igem,,,2022,collaboration,,1,Taichung,臺中市,TW,24.1073,120.6255,https://www.mdhs.tc.edu.tw,"[2022] Mingdao submitted its infographic to the infographic translation project; the core team translated it into Mandarin, Norwegian, Thai and Korean for the online exhibition and Instagram.",[2022] Mingdao 提交資訊圖表參與翻譯計畫，核心團隊將其譯為中文、挪威文、泰文與韓文，展示於線上展覽與 Instagram。,,,https://2022.igem.wiki/gems-taiwan/partnership,high
igem-ncku,NCKU,NCKU,iGEM team,iGEM 隊伍,National Cheng Kung University,國立成功大學,Host of the 2022 Taiwan Synbio Alliance meetup,2022 臺灣合成生物聯盟交流會主辦,igem,Hosting Taiwan iGEM team meetups,主辦臺灣 iGEM 隊伍交流會,2022,conference; meetup,2022-08-23,1,Tainan,臺南市,TW,22.9969,120.2185,https://www.ncku.edu.tw,"[2022] On 23 August 2022 the team attended the Taiwan Synbio Alliance meetup held at NCKU and organized by Taiwan's iGEM ambassador. Each team presented its project and progress and received peer-review-style questions and suggestions, followed by a Jamboree-style networking session hosted by team NCKU.",[2022] 2022 年 8 月 23 日，團隊參加由臺灣 iGEM 大使籌辦、在成功大學舉行的臺灣合成生物聯盟交流會。各隊報告專案與進度並接受同儕審查式的提問與建議，之後由 NCKU 隊伍主持類似 Jamboree 的交流活動。,"[2022] Sharpened the team's presentation and Q&A skills, created new collaboration opportunities (e.g., CCU_Taiwan) and enriched the infographic collection for the translation project.",[2022] 提升團隊簡報與答詢能力，創造新的合作機會（如 CCU_Taiwan），並充實翻譯計畫的資訊圖表收藏。,https://2022.igem.wiki/gems-taiwan/collaborations,high
igem-ccu-taiwan,CCU_Taiwan,CCU_Taiwan,iGEM team,iGEM 隊伍,National Chung Cheng University,國立中正大學,,,igem,Cardiovascular disease prevention,心血管疾病預防,2022,collaboration,2022-08-23,1,Chiayi County,嘉義縣,TW,23.5627,120.475,https://www.ccu.edu.tw,"[2022] The teams connected at the Taiwan Synbio Alliance meetup and joined each other's projects. GEMS_Taiwan contributed a braised tofu fish recipe (with fish and tomato for heart health) to CCU_Taiwan's CVD-prevention cookbook, and CCU_Taiwan submitted its infographic to the translation project, among the first to be translated.",[2022] 兩隊在臺灣合成生物聯盟交流會上結識並參與彼此的計畫。GEMS_Taiwan 為 CCU_Taiwan 的心血管疾病預防食譜提供豆腐燒魚食譜（含有益心臟的魚與番茄），CCU_Taiwan 則提交資訊圖表參與翻譯計畫，是最早完成翻譯的隊伍之一。,,,https://2022.igem.wiki/gems-taiwan/collaborations,high
igem-nchu-taichung,NCHU_Taichung,NCHU_Taichung,iGEM team,iGEM 隊伍,National Chung Hsing University,國立中興大學,,,igem,Chronic wound treatment; Mandarin synthetic-biology video outreach,慢性傷口治療；中文合成生物學影片推廣,2022,collaboration,,1,Taichung,臺中市,TW,24.1235,120.675,https://www.nchu.edu.tw,"[2022] NCHU_Taichung invited GEMS_Taiwan to its short-video project, a Mandarin YouTube channel introducing Taiwanese iGEM teams to local communities. GEMS_Taiwan submitted a short educational video about its project, which NCHU_Taichung posted on YouTube.",[2022] NCHU_Taichung 邀請 GEMS_Taiwan 參與其短片計畫，透過中文 YouTube 頻道向在地社群介紹臺灣各 iGEM 隊伍。GEMS_Taiwan 提交介紹專案的教育短片，由 NCHU_Taichung 發布於 YouTube。,"[2022] The video gained several dozen views, adding to the team's awareness-raising efforts in Mandarin.",[2022] 影片獲得數十次觀看，強化團隊以中文推廣議題的成果。,https://2022.igem.wiki/gems-taiwan/collaborations,high
national-taiwan-university-lab-106-synthetic-biology-and-biofabrication-labor,National Taiwan University,國立臺灣大學,,,National Taiwan University,國立臺灣大學,"Lab 106, Synthetic Biology and Biofabrication Laboratory (Department of Biochemical Science and Technology)",生化科技學系 合成生物與生物製造實驗室（Lab 106）,academia,Molecular cloning; protein expression; lab safety supervision,分子選殖；蛋白質表現；實驗室安全督導,2022,mentorship,,1,Taipei,臺北市,TW,25.0173,121.5397,https://www.bst.ntu.edu.tw,"[2022] The team's wet-lab work was carried out in Lab 106, a BSL-1 lab run by Prof. Hsuan-Chen Wu, under constant supervision by NTU graduate students and trained lab technicians. The Attributions page credits Yung-Che Tsai, Tzy-Shyuan Hsu, Chi-Ting Sung and Ming-Yan Shen for lab support, and the notebook thanks a lab member (Bryan) for help with transformations.",[2022] 團隊的濕實驗在吳亘承教授主持的生物安全第一等級實驗室 Lab 106 進行，全程由臺大研究生與受訓技術人員督導。致謝頁列出 Yung-Che Tsai、Tzy-Shyuan Hsu、Chi-Ting Sung、Ming-Yan Shen 提供實驗支援，實驗記錄亦感謝 Bryan 協助轉形。,[2022] Tips from Lab 106 personnel helped the team devise a thermolysis protein-extraction protocol when sonication/chemical lysis equipment was unavailable; the protocol was later shared as a contribution for future iGEM teams.,[2022] 在缺乏超音波與化學裂解設備的情況下，Lab 106 成員的建議協助團隊發展出熱裂解蛋白萃取流程，後來作為貢獻分享給未來的 iGEM 隊伍。,https://2022.igem.wiki/gems-taiwan/attributions,medium
national-taiwan-university-department-of-biochemical-science-and-technology,National Taiwan University,國立臺灣大學,,,National Taiwan University,國立臺灣大學,Department of Biochemical Science and Technology,生化科技學系,academia,Biochemical science and biotechnology,生化科學與生物科技,2022,sponsorship,,1,Taipei,臺北市,TW,25.0173,121.5397,https://www.bst.ntu.edu.tw,[2022] The NTU Department of Biochemical Science and Technology logo is displayed in the Sponsors section of the team's Attributions page; the team's lab work took place in the department's Lab 106.,[2022] 臺大生化科技學系的系徽列於團隊致謝頁的贊助單位區；團隊的實驗亦在該系 Lab 106 進行。,,,https://2022.igem.wiki/gems-taiwan/attributions,medium
li-yu-liu,Prof. Li-Yu Liu,劉力瑜 教授,Professor,教授,National Taiwan University,國立臺灣大學,"Department of Agronomy, Biometry Division",農藝學系 生物統計組,academia,Biometry; GMO regulation (former committee member of the Taiwan Council of Agriculture),生物統計；基因改造生物法規（曾任行政院農業委員會委員）,2022,consultation; interview,,1,Taipei,臺北市,TW,25.0173,121.5397,https://www.agron.ntu.edu.tw,"[2022] The team interviewed Prof. Liu to refine its implementation and marketing plan and learn the regulations for producing a GMO-based product. Drawing on her time on the Council of Agriculture, she explained that GMO production is prohibited in Taiwan so mass production would have to be abroad, that the COA requires a strict set of tests before GMOs can be commercialized, and discussed pricing given the high cost and long field-testing timeline of GMO products.",[2022] 團隊訪談劉力瑜教授，以精進落地與行銷計畫並了解基改產品生產的相關法規。她以曾任職農委會的經驗說明：臺灣禁止在境內生產基改生物，量產須在國外進行；農委會對基改生物商品化前有嚴格的試驗要求；她也討論了基改產品高昂開發成本與漫長田間試驗對定價的影響。,"[2022] The team gained a clearer understanding of Taiwan's strict GMO regulations and, on her recommendation, incorporated specific Taiwanese pesticide/biopesticide regulations into its entrepreneurship page.",[2022] 團隊更清楚了解臺灣對基改生物的嚴格規範，並依她的建議將臺灣農藥／生物農藥相關法規納入創業頁面。,https://2022.igem.wiki/gems-taiwan/human-practices,high
igem-nycu-formosa,NYCU_Formosa,NYCU_Formosa,iGEM team,iGEM 隊伍,National Yang Ming Chiao Tung University,國立陽明交通大學,,,igem,BioArt; modeling; wet-lab experimentation,生物藝術；建模；濕實驗,2022,collaboration; feedback; meetup; workshop,2022-09-01,1,Hsinchu,新竹市,TW,24.7869,120.9975,https://www.nycu.edu.tw,"[2022] NYCU_Formosa hosted an in-person meet-up at its university where the two teams' drylab members discussed modeling techniques and NYCU's wet lab showed GEMS_Taiwan's wet lab around its lab and gave experimental suggestions. NYCU then invited GEMS_Taiwan to its BioArt collaboration, co-hosted with KCIS_Xiugang_Taipei at Kang Chiao International School on 1 September 2022 (BioArt, gel electrophoresis and project introductions for about 20 students). NYCU_Formosa also submitted an infographic for translation.",[2022] NYCU_Formosa 在其校園舉辦實體交流會，兩隊乾實驗成員討論建模技術，NYCU 濕實驗組帶 GEMS_Taiwan 濕實驗組參觀實驗室並提供實驗建議。NYCU 也邀請 GEMS_Taiwan 參與其生物藝術合作，於 2022 年 9 月 1 日與 KCIS_Xiugang_Taipei 在康橋國際學校共同舉辦工作坊（生物藝術、膠體電泳與專案介紹，約 20 名學生參加）。NYCU_Formosa 亦提交資訊圖表供翻譯。,[2022] Gave the team modeling and experimentation suggestions and a venue to present its project and synthetic biology to high-school students.,[2022] 為團隊提供建模與實驗建議，並提供向高中生介紹專案與合成生物學的機會。,https://2022.igem.wiki/gems-taiwan/collaborations,medium
pedestrians-at-daan-forest-park-and-taipei-101-community,Pedestrians at Daan Forest Park and Taipei 101,大安森林公園與台北 101 周邊民眾,,,Pedestrians at Daan Forest Park and Taipei 101,大安森林公園與台北 101 周邊民眾,,,community,Middle-aged and older members of the public; banana consumers,中高齡民眾；香蕉消費者,2022,education; survey,,1,Taipei,臺北市,TW,25.03,121.5357,,"[2022] To reach middle-aged and older people less comfortable with online surveys, the whole HP team conducted an on-street survey at Da-an Park and Taipei 101, asking passers-by to complete the public survey while explaining the banana crisis. Together with online distribution, the survey collected 1,595 responses.","[2022] 為觸及較不熟悉線上問卷的中高齡族群，人文實踐組全員到大安森林公園與台北 101 進行街頭問卷，邀請路人填答並同時說明香蕉危機。連同線上發放，問卷共回收 1,595 份。",[2022] Survey results (84.1% unaware of Fusarium wilt; 67.1% distrusting GM plants) led the team to put more background in its education materials and to protect the plant externally with engineered soil probiotics rather than genetically modifying the banana itself.,[2022] 問卷結果（84.1% 不知道香蕉黃葉病、67.1% 不信任基改植物）促使團隊在教材中加入更多背景說明，並選擇以工程化土壤益生菌從植株外部保護，而非直接改造香蕉。,https://2022.igem.wiki/gems-taiwan/human-practices,medium
igem-thailand-ris,Thailand_RIS,Thailand_RIS,iGEM team,iGEM 隊伍,Ruamrudee International School,泰國 Ruamrudee 國際學校,,,igem,Bacterial wilt in crops; bee-venom-derived antimicrobial enzymes,作物青枯病；蜂毒來源的抗菌酵素,2022,collaboration; feedback; partnership; survey,,1,Bangkok,曼谷,TH,13.7996,100.7127,https://www.rism.ac.th,"[2022] Because both teams worked on wilt diseases in agriculture, GEMS_Taiwan and Thailand_RIS held multiple meetings exchanging ideas on proteins that disrupt pathogen cell walls/membranes (Thailand_RIS used bee-venom enzymes against bacterial wilt). Thailand_RIS distributed GEMS_Taiwan's public survey in its community, and the two teams co-founded the infographic translation partnership (Thai translations by Thailand_RIS) after recognising the language barrier in their communities. In later meetings they discussed implementation, wet-lab progress and gave feedback on the wiki design.",[2022] 兩隊都處理農業上的萎凋病，因此多次開會交流破壞病原菌細胞壁／膜的蛋白質策略（Thailand_RIS 使用蜂毒酵素對付青枯病）。Thailand_RIS 協助在其社群發放 GEMS_Taiwan 的問卷，兩隊也因察覺各自社群的語言隔閡而共同發起資訊圖表翻譯合作計畫（由 Thailand_RIS 負責泰文翻譯）。後續會議中雙方討論落地方式與濕實驗進度，並互相回饋維基設計。,"[2022] Thailand_RIS suggested applying the chitinase protein itself to the soil rather than the living GMO, which would greatly reduce regulatory burden and time to market; this became an alternative implementation route on the hardware and safety pages. The survey exchange diversified respondents and sparked the translation partnership.",[2022] Thailand_RIS 建議直接將幾丁質酶蛋白施用於土壤而非施用活的基改菌，可大幅降低法規負擔與上市時間，成為硬體與安全頁中的替代落地方案。問卷交流使受訪者更多元，也催生了翻譯合作計畫。,https://2022.igem.wiki/gems-taiwan/collaborations,high
igem-stony-brook,Stony_Brook,Stony_Brook,iGEM team,iGEM 隊伍,Stony Brook University,紐約州立大學石溪分校,,,igem,Protein S deficiency; public science communication (journal archive),蛋白質 S 缺乏症；科學傳播（期刊彙編）,2022,collaboration; survey,,1,"Stony Brook, NY",紐約州石溪,US,40.9126,-73.1234,https://www.stonybrook.edu,"[2022] Stony_Brook invited GEMS_Taiwan to its public journal archive project. The Wetlab and HP teams wrote a three-page article explaining banana domestication and disease vulnerability, the people who depend on the banana market, and the team's biochemical solution. Stony_Brook also helped spread GEMS_Taiwan's public survey to its community.",[2022] Stony_Brook 邀請 GEMS_Taiwan 參與其公眾期刊彙編計畫，團隊濕實驗組與人文實踐組撰寫三頁文章，說明香蕉馴化導致的病害脆弱性、依賴香蕉市場的族群，以及團隊的生化解決方案。Stony_Brook 也協助在其社群發放 GEMS_Taiwan 的問卷。,[2022] Provided another outreach pathway for raising awareness of Fusarium wilt among the public and future iGEM teams.,[2022] 為向大眾與未來 iGEM 隊伍推廣香蕉黃葉病議題提供另一條管道。,https://2022.igem.wiki/gems-taiwan/collaborations,high
taipei-fuhsing-private-school-11th-grade-students,Taipei Fuhsing Private School,臺北市私立復興實驗高級中學,,,Taipei Fuhsing Private School,臺北市私立復興實驗高級中學,11th-grade students,11 年級學生,education,,,2022,education,,1,Taipei,臺北市,TW,25.0386,121.549,https://www.fhjh.tp.edu.tw,[2022] The team presented the advanced English version of its educational slides on the banana crisis and its solution to 11th graders at Taipei Fuhsing Private School.,[2022] 團隊以英文進階版教材向復興實驗高中 11 年級學生介紹香蕉危機與團隊的解決方案。,[2022] Extended the team's education efforts to a wider range of ages beyond its own school network.,[2022] 將團隊教育推廣擴及更多年齡層與其他學校。,https://2022.igem.wiki/gems-taiwan/education,high
huan-yu-chen,Mr. Huan-Yu Chen,財團法人台灣香蕉研究所,,,Taiwan Banana Research Institute,財團法人台灣香蕉研究所,,,research,Banana cultivation and tissue-culture plantlet production; Fusarium wilt (TR4) and resistant cultivars (GCTCV Tai-Chiao No. 5 and No. 7),香蕉栽培與組織培養種苗生產；香蕉黃葉病（TR4）與抗病品種（台蕉五號、七號）,2022,consultation; interview; site-visit,2022-08-10,1,Pingtung County,屏東縣,TW,22.742,120.488,https://www.banana.org.tw,"[2022] The team first held an online Google Meet with Mr. Chen, who recommended applying the solution in TBRI's controlled plantlet facilities and at earlier stages of plant life. On 10 August 2022 the team visited TBRI: Mr. Chen presented on banana planting, plantation management and Panama disease, explained the trade-offs of the resistant Tai-Chiao No. 5 and No. 7 cultivars, and toured them through the tissue-culture lab, quarantine screen house, infected fields, the seedling order center and a variety farm. The visit also gave the team access to TBRI's journal archive, which is not available online.",[2022] 團隊先與陳先生進行 Google Meet 線上訪談，他建議將方案應用於香蕉研究所的受控種苗設施，並在植株生命早期施用。2022 年 8 月 10 日團隊實地參訪香蕉研究所：陳先生簡報香蕉種植、蕉園管理與巴拿馬病，說明抗病品種台蕉五號與七號的取捨，並帶領團隊參觀組織培養實驗室、檢疫網室、染病田區、種苗訂購中心與品種園。此行也讓團隊得以查閱網路上無法取得的所內期刊檔案。,"[2022] The team redirected its solution toward potted plantlets rather than fully grown plants, and built its B2B marketing and implementation plan around selling the inoculant to plantlet producers such as TBRI, whose technicians would inoculate plantlets before distribution to farmers.",[2022] 團隊將方案改為針對盆栽種苗而非成株，並以 B2B 模式規劃行銷與落地：由香蕉研究所等種苗生產單位的技術人員在配送給農民前先為種苗接種。,https://2022.igem.wiki/gems-taiwan/human-practices,high
andre-drenth,Prof. Andre Drenth,昆士蘭大學,Professor,教授,The University of Queensland,昆士蘭大學,Centre for Horticultural Science,園藝科學中心,academia,"Plant pathology, horticulture and forestry; epidemiology and diversity of Fusarium oxysporum (Panama disease TR4); sustainable banana cultivation",植物病理、園藝與林業；尖孢鐮刀菌（巴拿馬病 TR4）流行病學與多樣性；香蕉永續栽培,2022,interview,,1,Brisbane,布里斯本,AU,-27.4975,153.0137,https://www.uq.edu.au,"[2022] After reviewing his published work on the epidemiology, infection biology and diversity of F. oxysporum, the team held an online interview with Dr. Drenth to test the viability of its solution. He pointed out that root turnover could let banana roots grow beyond the protective bacterial barrier, leaving new roots exposed to fungal spores in the soil.",[2022] 團隊研讀 Drenth 教授關於尖孢鐮刀菌流行病學、感染生物學與多樣性的論文後，與他進行線上訪談，檢驗解決方案的可行性。他指出「根系更新」（root turnover）可能使香蕉根長出保護性菌層之外，讓新根暴露於土壤中的真菌孢子。,[2022] The Wetlab team shifted implementation from field application to inoculation at the nursery/plantlet stage with continued application during vegetative growth; his suggestions (and his published TR4 spread parameters) also shaped Drylab's economic model and the hardware application regimen.,[2022] 濕實驗組因此將應用方式從田間施用改為在育苗／組培苗階段接種，並於營養生長期持續施用；他的建議（以及其發表的 TR4 擴散參數）也影響了乾實驗組的經濟模型與硬體施用排程。,https://2022.igem.wiki/gems-taiwan/human-practices,high
igem-uioslo-norway,UiOslo_Norway,UiOslo_Norway,iGEM team,iGEM 隊伍,University of Oslo,奧斯陸大學,,,igem,Norwegian translation of iGEM infographics,iGEM 資訊圖表挪威文翻譯,2022,partnership,,1,Oslo,奧斯陸,NO,59.9399,10.7217,https://www.uio.no,"[2022] Recruited by direct message, UiOslo_Norway joined GEMS_Taiwan, Thailand_RIS and Korea_HS as a core member of the infographic translation partnership, translating other teams' infographics into Norwegian and sharing its own infographic. The core teams coordinated through a group chat and online meetings over several months.",[2022] UiOslo_Norway 經私訊邀請，與 GEMS_Taiwan、Thailand_RIS、Korea_HS 共同組成資訊圖表翻譯計畫核心團隊，負責將各隊資訊圖表譯為挪威文，並提供自己的資訊圖表。核心團隊數月間透過群組與線上會議協調。,[2022] Allowed the infographic exhibition to reach Norwegian-speaking communities.,[2022] 讓資訊圖表展覽得以觸及挪威語社群。,https://2022.igem.wiki/gems-taiwan/partnership,high
igem-foundation,iGEM Foundation,iGEM 基金會,,,iGEM Foundation,iGEM 基金會,,,ngo,International Genetically Engineered Machine competition; synthetic biology education,國際基因工程機器競賽；合成生物學教育,2022,sponsorship,,1,Paris,巴黎,FR,48.8566,2.3522,https://igem.org,[2022] The iGEM logo is displayed in the Sponsors section of the team's Attributions page. No further detail is given.,[2022] iGEM 標誌列於團隊致謝頁的贊助單位區，未有進一步說明。,,,https://2022.igem.wiki/gems-taiwan/attributions,low
igem-korea-hs,Korea_HS,Korea_HS,iGEM team,iGEM 隊伍,"iGEM high school team, South Korea",韓國高中 iGEM 隊伍,,,igem,DNA data storage to address climate change,以 DNA 資料儲存因應氣候變遷,2022,collaboration; partnership; survey,,1,Seoul,首爾,KR,37.5665,126.978,,"[2022] Korea_HS was the first team GEMS_Taiwan reached out to. In a first meeting the teams exchanged project ideas and Korea_HS distributed GEMS_Taiwan's public survey in Korea; in a second meeting they planned collaborations. GEMS_Taiwan submitted a short video on Fusarium wilt to Korea_HS's Instagram reels project, and Korea_HS joined the core infographic translation team, translating infographics into Korean.",[2022] Korea_HS 是 GEMS_Taiwan 第一個聯繫的隊伍。第一次會議中雙方交流專案構想，Korea_HS 並協助在韓國發放 GEMS_Taiwan 的問卷；第二次會議則規劃合作項目。GEMS_Taiwan 為 Korea_HS 的 Instagram Reels 計畫提交介紹香蕉黃葉病的短片，Korea_HS 則加入資訊圖表核心翻譯團隊，負責韓文翻譯。,"[2022] Expanded both teams' audiences: GEMS_Taiwan's survey and infographics reached Korean communities, and the first meeting gave the team practice presenting its project for later collaboration meetings.",[2022] 擴大雙方受眾：GEMS_Taiwan 的問卷與資訊圖表觸及韓國社群，第一次會議也讓團隊練習簡報，為後續合作會議做準備。,https://2022.igem.wiki/gems-taiwan/collaborations,medium
